transaction_id,customer_id,amount_cad,debit_credit,transaction_datetime
2411018567515752,SYNID0106350653,3070.13,C,2024-11-01
2411011617097052,SYNID0104386115,630.08,C,2024-11-01
2411017551414972,SYNID0200341758,21353.7,C,2024-11-01
2411011591775144,SYNID0107845453,1015.64,C,2024-11-01
2411015685130952,SYNID0108075156,128943.27,C,2024-11-01
2411010870861443,SYNID0102254735,10801.01,D,2024-11-01
2411010081105643,SYNID0103330738,623.32,C,2024-11-01
2411018899009688,SYNID0101802172,4278.72,C,2024-11-01
2411017728093204,SYNID0200837172,3481.41,C,2024-11-01
2411014462366878,SYNID0106101315,1988.12,C,2024-11-01
2411012515455430,SYNID0101166952,586.08,C,2024-11-01
2411011609952843,SYNID0101587708,931.61,C,2024-11-01
2411012118575360,SYNID0200865017,37694.87,C,2024-11-01
2411018916633218,SYNID0104018422,11859.22,C,2024-11-01
2411011056268430,SYNID0200640444,3873.34,C,2024-11-01
2411012749202920,SYNID0101361349,9822.61,C,2024-11-01
2411011774031591,SYNID0101834113,3534.77,C,2024-11-01
2411016098793780,SYNID0108968418,21612.03,C,2024-11-01
2411010017124665,SYNID0200408952,165777.13,C,2024-11-01
2411019137116224,SYNID0108813794,1746.92,C,2024-11-01
2411016702613342,SYNID0108700402,7243.06,C,2024-11-01
2411010868427090,SYNID0107300785,204654.41,D,2024-11-01
2411016909570096,SYNID0106936097,2000.36,C,2024-11-01
2411010939811826,SYNID0200642008,3217.69,C,2024-11-01
2411015038336226,SYNID0103180351,3158.26,C,2024-11-01
2411010684997946,SYNID0200367458,1837.93,D,2024-11-01
2411018573493839,SYNID0109815622,10769.7,D,2024-11-01
2411016825164305,SYNID0103238729,530.09,C,2024-11-01
2411012257581702,SYNID0101723863,105925.51,D,2024-11-01
2411016220090818,SYNID0106510716,6358.45,C,2024-11-01
2411011281649564,SYNID0200791764,204243.54,D,2024-11-01
2411018803360010,SYNID0105968755,193.17,C,2024-11-01
2411017559943361,SYNID0200071039,734634.28,C,2024-11-01
2411013526079262,SYNID0200037052,2400.53,C,2024-11-01
2411014793084772,SYNID0107178848,2351.71,C,2024-11-01
2411010395193213,SYNID0109463921,10614.67,D,2024-11-01
2411017485512842,SYNID0103850995,8422.77,C,2024-11-01
2411014764699142,SYNID0104560838,6221.12,D,2024-11-01
2411018137350615,SYNID0200868532,167308.09,C,2024-11-01
2411016106556707,SYNID0200973678,64595.21,C,2024-11-01
2411013414578224,SYNID0101015477,1940.64,C,2024-11-01
2411015584775227,SYNID0108005562,375.01,C,2024-11-01
2411014233785562,SYNID0200617351,12106.9,D,2024-11-01
2411017821446260,SYNID0100315248,6462.21,C,2024-11-01
2411010916669540,SYNID0103549252,3809.51,C,2024-11-01
2411014060126327,SYNID0102490473,2510.6,C,2024-11-01
2411015874153452,SYNID0101300451,995.94,C,2024-11-01
2411016813186386,SYNID0108973869,127348.78,C,2024-11-01
2411012294179712,SYNID0109141463,8234.79,C,2024-11-01
2411018371505439,SYNID0106093122,2032.33,C,2024-11-01
2411019570030721,SYNID0200639063,1396.84,D,2024-11-01
2411011472170693,SYNID0200223705,29588.58,C,2024-11-01
2411017488608804,SYNID0109285624,1782.17,C,2024-11-01
2411016545279512,SYNID0200639063,3929.11,C,2024-11-01
2411018910234214,SYNID0101401795,7425.25,C,2024-11-01
2411012452385833,SYNID0102628258,196.25,C,2024-11-01
2411010300467105,SYNID0107809895,3422.62,C,2024-11-01
2411012381244733,SYNID0108827434,540.26,D,2024-11-01
2411017145546487,SYNID0200917657,568.99,D,2024-11-01
2411015562578985,SYNID0103744932,21797.3,C,2024-11-01
2411016196796030,SYNID0200552733,4722.25,C,2024-11-01
2411016973726508,SYNID0104350648,579.16,C,2024-11-01
2411012728996440,SYNID0200494373,41391.25,D,2024-11-01
2411018671477670,SYNID0200917657,900.29,D,2024-11-01
2411012220901693,SYNID0104815038,10696.85,D,2024-11-01
2411017043920279,SYNID0108487236,12037.45,C,2024-11-01
2411016065564336,SYNID0200552733,1079.52,C,2024-11-01
2411014133313151,SYNID0200552733,39160.3,D,2024-11-01
2411010243541485,SYNID0101690663,10842.98,C,2024-11-01
2411010640755092,SYNID0200903625,2978.47,C,2024-11-01
2411011481604549,SYNID0100566958,11487.63,C,2024-11-01
2411018756772717,SYNID0104337954,836.13,C,2024-11-01
2411012094059666,SYNID0200642224,37891.33,C,2024-11-01
2411010493153320,SYNID0108586460,10552.2,C,2024-11-01
2411019134072096,SYNID0200917657,1105.14,D,2024-11-01
2411012685698397,SYNID0104058868,535.79,D,2024-11-01
2411013194829347,SYNID0109058371,7105.52,C,2024-11-01
2411012265069420,SYNID0101947421,10251.95,D,2024-11-01
2411016487853286,SYNID0101214410,4245.02,C,2024-11-01
2411011234223014,SYNID0200389404,8717.45,D,2024-11-01
2411013684212728,SYNID0109886602,504.58,C,2024-11-01
2411015426684732,SYNID0100020773,7519.26,C,2024-11-01
2411012908628888,SYNID0107241809,2891.25,C,2024-11-01
2411011516361227,SYNID0105635317,26055.33,C,2024-11-01
2411012888624352,SYNID0106476572,1421.98,C,2024-11-01
2411013661253814,SYNID0107340625,66215.56,C,2024-11-01
2411014443076256,SYNID0200903625,9207.03,D,2024-11-01
2411019981688458,SYNID0200917657,1159.67,D,2024-11-01
2411017268554263,SYNID0101808383,10792.96,D,2024-11-01
2411025232058731,SYNID0200917657,3201.4,D,2024-11-02
2411025841388428,SYNID0103685090,3958.97,C,2024-11-02
2411029934668950,SYNID0108687525,71815.75,D,2024-11-02
2411022475707163,SYNID0200917657,3607.91,D,2024-11-02
2411029457417831,SYNID0102287707,26.29,C,2024-11-02
2411023678927856,SYNID0200965810,6252.83,C,2024-11-02
2411024802558846,SYNID0107139203,181.37,C,2024-11-02
2411024627779724,SYNID0100511082,10947.43,C,2024-11-02
2411028606671540,SYNID0200917657,6133.41,D,2024-11-02
2411026383327565,SYNID0100458116,580.36,C,2024-11-02
2411025470460203,SYNID0200170062,42403.19,C,2024-11-02
2411024222297635,SYNID0200974843,14158.13,D,2024-11-02
2411022167773246,SYNID0109616092,729.51,C,2024-11-02
2411021211464114,SYNID0105212119,2757.56,C,2024-11-02
2411020500318886,SYNID0200538437,11716.89,D,2024-11-02
2411023177344690,SYNID0200490486,46794.37,D,2024-11-02
2411027691926408,SYNID0200362585,234.22,C,2024-11-02
2411028346246412,SYNID0200840878,130244.12,C,2024-11-02
2411028874899376,SYNID0200970806,132530.51,C,2024-11-02
2411029433027356,SYNID0107386057,8408.81,C,2024-11-02
2411025017162639,SYNID0200223705,8951.03,D,2024-11-02
2411028064690263,SYNID0200917657,6454.28,D,2024-11-02
2411028651359026,SYNID0103912349,142.33,C,2024-11-02
2411020481237421,SYNID0200917657,1082.33,D,2024-11-02
2411023760539570,SYNID0200119386,24659.32,D,2024-11-02
2411020375918520,SYNID0200521470,10524.74,C,2024-11-02
2411028985087697,SYNID0200521470,1423.86,D,2024-11-02
2411022176877301,SYNID0200903625,21227.56,D,2024-11-02
2411021398867614,SYNID0200119386,10545.36,C,2024-11-02
2411024643974416,SYNID0107009468,23789.52,D,2024-11-02
2411027778086558,SYNID0106611019,762.28,C,2024-11-02
2411029279439992,SYNID0200917657,2154.3,D,2024-11-02
2411027579267568,SYNID0200047088,20465.58,D,2024-11-02
2411020792802087,SYNID0200127739,10666.66,C,2024-11-02
2411020954659587,SYNID0100146469,452.59,C,2024-11-02
2411028519984854,SYNID0103513497,883.82,C,2024-11-02
2411027875153617,SYNID0200908516,20730.2,D,2024-11-02
2411022706970501,SYNID0108809676,4257.78,C,2024-11-02
2411023607589991,SYNID0200494373,2471.19,C,2024-11-02
2411020953413677,SYNID0104721648,1588.13,C,2024-11-02
2411022362601849,SYNID0109818189,575.98,C,2024-11-02
2411022367477072,SYNID0105266527,59114.57,D,2024-11-02
2411022915460360,SYNID0102328703,892.6,C,2024-11-02
2411021919783099,SYNID0101084628,726.77,C,2024-11-02
2411029789584335,SYNID0101353427,919.82,C,2024-11-02
2411027995649208,SYNID0100236234,4813.28,C,2024-11-02
2411023600943521,SYNID0107151813,5214.47,C,2024-11-02
2411023894998542,SYNID0200117193,2451.91,C,2024-11-02
2411028659944525,SYNID0105928166,8501.91,C,2024-11-02
2411020213418803,SYNID0200538935,55665.1,C,2024-11-02
2411029535335699,SYNID0106786949,3246.33,C,2024-11-02
2411021106902458,SYNID0100903412,6493.4,D,2024-11-02
2411027511079531,SYNID0109314944,13585.33,C,2024-11-02
2411027223170451,SYNID0109371258,189.74,C,2024-11-02
2411026792561567,SYNID0108957577,6437.33,C,2024-11-02
2411024219405514,SYNID0103482772,88.07,C,2024-11-02
2411024823306991,SYNID0107173210,18866.98,D,2024-11-02
2411022126756771,SYNID0200639063,2275.63,D,2024-11-02
2411024688167477,SYNID0102718219,143.56,C,2024-11-02
2411024132240286,SYNID0109815622,510.53,C,2024-11-02
2411021859420083,SYNID0200403697,9368.52,C,2024-11-02
2411025077488010,SYNID0109772930,1651.35,C,2024-11-02
2411028015003599,SYNID0200639063,108885.42,C,2024-11-02
2411020334576857,SYNID0200381116,551.41,C,2024-11-02
2411023790384403,SYNID0200900513,52027.54,D,2024-11-02
2411029931281147,SYNID0200779733,10187.12,D,2024-11-02
2411023895707249,SYNID0103673861,11879.18,C,2024-11-02
2411022008444708,SYNID0108660144,159.04,C,2024-11-02
2411029860709910,SYNID0100281120,2226.19,C,2024-11-02
2411027856087542,SYNID0200591017,33033.58,C,2024-11-02
2411025776219425,SYNID0103850995,2802.99,C,2024-11-02
2411026563069455,SYNID0102635738,690.06,C,2024-11-02
2411024027018621,SYNID0200552733,76847.17,D,2024-11-02
2411039430433439,SYNID0200672889,4203.35,C,2024-11-03
2411039089020986,SYNID0200588379,7422.89,D,2024-11-03
2411033339174977,SYNID0200917657,255.33,D,2024-11-03
2411035485652593,SYNID0200917657,1089.76,D,2024-11-03
2411033636875768,SYNID0200917657,884.2,D,2024-11-03
2411037272373090,SYNID0200917657,2156.71,D,2024-11-03
2411039019453171,SYNID0200639063,179366.86,C,2024-11-03
2411031351864197,SYNID0200639063,19246.84,C,2024-11-03
2411032660888454,SYNID0200917657,860.63,D,2024-11-03
2411034521005728,SYNID0200917657,4289.21,D,2024-11-03
2411036289370763,SYNID0200192167,11953.98,D,2024-11-03
2411036077453300,SYNID0200970806,9768.53,D,2024-11-03
2411039160175732,SYNID0200243928,7300.5,C,2024-11-03
2411033764920549,SYNID0200231662,671843.87,C,2024-11-03
2411032972259534,SYNID0100848034,521.98,D,2024-11-03
2411035923393425,SYNID0200537412,7811.11,C,2024-11-03
2411036423697661,SYNID0200759426,4372.93,D,2024-11-03
2411034277275490,SYNID0100891567,201.88,C,2024-11-03
2411038504758276,SYNID0200195508,8306.95,C,2024-11-03
2411034364355403,SYNID0200789296,533390.09,C,2024-11-03
2411037442283510,SYNID0200262883,8156.2,C,2024-11-03
2411030234065389,SYNID0200117193,1482.72,D,2024-11-03
2411036304570086,SYNID0200639789,4513.93,D,2024-11-03
2411038232616377,SYNID0200263267,9649.95,D,2024-11-03
2411036752409688,SYNID0200255943,3613.39,D,2024-11-03
2411034791550203,SYNID0200017800,49345.82,D,2024-11-03
2411038374789714,SYNID0200440091,7091.54,C,2024-11-03
2411037462920572,SYNID0200363017,4516.08,D,2024-11-03
2411034732854461,SYNID0200541246,20151.99,C,2024-11-03
2411035465020612,SYNID0200317311,5438.64,D,2024-11-03
2411030618323932,SYNID0200155033,25540.43,C,2024-11-03
2411030490749542,SYNID0200350827,3420.32,C,2024-11-03
2411034431522269,SYNID0103242278,1078.58,C,2024-11-03
2411037486241200,SYNID0200535427,1182.04,C,2024-11-03
2411032283358449,SYNID0100340251,538.21,C,2024-11-03
2411031270362220,SYNID0200639063,1240.94,D,2024-11-03
2411036521124876,SYNID0200521470,2436.5,D,2024-11-03
2411037784918636,SYNID0107446808,583.94,C,2024-11-03
2411033079208422,SYNID0200567030,23282.33,C,2024-11-03
2411037545204006,SYNID0109346581,72779.85,D,2024-11-03
2411030335719405,SYNID0200567030,95857.66,C,2024-11-03
2411032473271061,SYNID0108145877,480.5,C,2024-11-03
2411039651204426,SYNID0106548303,98.16,C,2024-11-03
2411035055347645,SYNID0107934742,77176.36,D,2024-11-03
2411036577620641,SYNID0200939175,76468.97,C,2024-11-03
2411038697858250,SYNID0200521470,5495.8,D,2024-11-03
2411033625172859,SYNID0105660335,1073.21,C,2024-11-03
2411034095635280,SYNID0103108266,22038.3,D,2024-11-03
2411037539528584,SYNID0200924084,222142.85,C,2024-11-03
2411038103779721,SYNID0200170062,1478.96,D,2024-11-03
2411039920924355,SYNID0200951869,13533.51,D,2024-11-03
2411037989264395,SYNID0200428876,11445.38,D,2024-11-03
2411033221481681,SYNID0102137975,2732.51,C,2024-11-03
2411036478702746,SYNID0200539259,105072.49,C,2024-11-03
2411037999879222,SYNID0109076264,2875.74,C,2024-11-03
2411039001236393,SYNID0105818471,1424.04,C,2024-11-03
2411032033500483,SYNID0200917657,3625.37,D,2024-11-03
2411030334297395,SYNID0200917657,799.15,D,2024-11-03
2411035247287163,SYNID0200917657,2795.54,D,2024-11-03
2411031866248831,SYNID0200903625,8108.32,C,2024-11-03
2411039607919020,SYNID0200917657,1784.35,D,2024-11-03
2411035430938715,SYNID0200868532,4740.89,D,2024-11-03
2411037831024595,SYNID0105905858,15542.66,C,2024-11-03
2411038833343309,SYNID0102193695,796.34,C,2024-11-03
2411032480874739,SYNID0200917657,384.57,D,2024-11-03
2411039118423919,SYNID0200377301,39992.15,D,2024-11-03
2411039503425274,SYNID0200822674,836.6,C,2024-11-03
2411037381827576,SYNID0200639063,5833.34,C,2024-11-03
2411034012656994,SYNID0200621856,14478.93,C,2024-11-03
2411030665350567,SYNID0109881556,4256.31,C,2024-11-03
2411046965375373,SYNID0101361349,10015.12,D,2024-11-04
2411044588455384,SYNID0102429761,4287.96,D,2024-11-04
2411046100897596,SYNID0106973237,10366.2,C,2024-11-04
2411047041467061,SYNID0200000167,23771.15,D,2024-11-04
2411043242920038,SYNID0102891633,418.75,C,2024-11-04
2411046335420972,SYNID0200483554,892.59,C,2024-11-04
2411044548984739,SYNID0200514840,5218.02,D,2024-11-04
2411046535163654,SYNID0107654293,743.68,C,2024-11-04
2411047969993614,SYNID0106640692,588.77,C,2024-11-04
2411043058690705,SYNID0105214155,11898.64,C,2024-11-04
2411045641190366,SYNID0200706232,3661.47,D,2024-11-04
2411047056302003,SYNID0100232025,910.74,D,2024-11-04
2411047827703840,SYNID0200892808,1198.06,C,2024-11-04
2411043195198410,SYNID0104423303,406.16,C,2024-11-04
2411044712553824,SYNID0100264783,12209.1,D,2024-11-04
2411045613427697,SYNID0105624869,10215.95,C,2024-11-04
2411047369360310,SYNID0104976647,1042.06,D,2024-11-04
2411041602165908,SYNID0200642224,26546.89,C,2024-11-04
2411049274185739,SYNID0107888398,2065.92,C,2024-11-04
2411045361822145,SYNID0200192167,4122.09,D,2024-11-04
2411041544966724,SYNID0200494373,415231.59,D,2024-11-04
2411048723684237,SYNID0101670212,959.45,D,2024-11-04
2411046483396634,SYNID0101234011,1020.14,C,2024-11-04
2411047971598234,SYNID0109240452,4398.6,C,2024-11-04
2411043491694869,SYNID0200640961,1115.21,C,2024-11-04
2411047612180912,SYNID0200639063,30651.95,C,2024-11-04
2411043899854744,SYNID0108558587,1030.56,D,2024-11-04
2411048203356864,SYNID0200640961,639.58,C,2024-11-04
2411046903715540,SYNID0102255152,730.43,C,2024-11-04
2411043844449444,SYNID0105891650,692.78,C,2024-11-04
2411041884093879,SYNID0200639063,151198.79,C,2024-11-04
2411044032195769,SYNID0105727017,3805.6,C,2024-11-04
2411040991511557,SYNID0200639063,175361.77,C,2024-11-04
2411049132771954,SYNID0101959136,348.96,C,2024-11-04
2411043658812640,SYNID0101904626,646.16,C,2024-11-04
2411041418200856,SYNID0200639063,93.5,C,2024-11-04
2411041370573214,SYNID0100293524,2433.14,C,2024-11-04
2411043155716260,SYNID0102803870,10011.85,D,2024-11-04
2411042560922428,SYNID0108560369,177.11,C,2024-11-04
2411044861275966,SYNID0106012458,577.91,C,2024-11-04
2411044316676575,SYNID0108586460,48.86,C,2024-11-04
2411042057549451,SYNID0108586460,1012.65,C,2024-11-04
2411048026493954,SYNID0200680099,106378.08,D,2024-11-04
2411047690536012,SYNID0200919410,21691.08,C,2024-11-04
2411043256330469,SYNID0103075959,333.11,C,2024-11-04
2411042140490029,SYNID0107954045,488.11,C,2024-11-04
2411046895314993,SYNID0108734091,486.93,C,2024-11-04
2411048541693301,SYNID0103074228,876.08,D,2024-11-04
2411046287597389,SYNID0105660335,601.03,C,2024-11-04
2411047688128289,SYNID0107241809,310.75,C,2024-11-04
2411047088708814,SYNID0100270587,766.8,D,2024-11-04
2411042362846496,SYNID0103899881,4941.46,C,2024-11-04
2411047081691636,SYNID0102548813,565.52,C,2024-11-04
2411042707619425,SYNID0106578062,778.28,D,2024-11-04
2411048020926751,SYNID0200190245,21180.91,D,2024-11-04
2411043087137701,SYNID0200876167,167132.1,D,2024-11-04
2411043186154991,SYNID0108249302,11511.87,C,2024-11-04
2411049687198680,SYNID0200706795,230373.55,C,2024-11-04
2411045642289252,SYNID0107119524,11007.14,C,2024-11-04
2411045884055018,SYNID0200521470,135442.0,D,2024-11-04
2411049393646127,SYNID0103897547,4278.35,C,2024-11-04
2411042845074394,SYNID0200170062,7264.46,C,2024-11-04
2411041343362549,SYNID0200719252,476.6,C,2024-11-04
2411045530874142,SYNID0200174977,10191.32,D,2024-11-04
2411040660635369,SYNID0200628864,23026.11,D,2024-11-04
2411045030214669,SYNID0200868799,4341.37,C,2024-11-04
2411046859353733,SYNID0103585257,4438.07,C,2024-11-04
2411042103374498,SYNID0105130745,2135.37,D,2024-11-04
2411045472135926,SYNID0200642224,6910.07,D,2024-11-04
2411040322502629,SYNID0107809895,1574.26,C,2024-11-04
2411045458745920,SYNID0200917657,4399.81,D,2024-11-04
2411042191772681,SYNID0200917657,5864.11,D,2024-11-04
2411044536990927,SYNID0200917657,1011.29,D,2024-11-04
2411045764524847,SYNID0200058698,11069.75,C,2024-11-04
2411047865474905,SYNID0200002455,146939.24,C,2024-11-04
2411041657006753,SYNID0103682329,49.91,C,2024-11-04
2411045488289388,SYNID0200593915,47250.44,D,2024-11-04
2411044670063449,SYNID0100714451,4173.32,C,2024-11-04
2411043488860864,SYNID0200974843,85054.26,C,2024-11-04
2411044693367871,SYNID0200188047,46896.37,D,2024-11-04
2411046243685130,SYNID0103150195,2020.39,C,2024-11-04
2411047542397708,SYNID0105250505,10349.51,C,2024-11-04
2411044848887797,SYNID0109053387,1388.1,C,2024-11-04
2411047039212452,SYNID0103459799,249.87,C,2024-11-04
2411046592419300,SYNID0105776196,348.37,C,2024-11-04
2411043905253796,SYNID0106738719,1132.35,C,2024-11-04
2411046550166962,SYNID0102250175,2767.99,C,2024-11-04
2411040922678727,SYNID0109641757,28060.36,C,2024-11-04
2411040404219692,SYNID0102449739,761.82,D,2024-11-04
2411043258470389,SYNID0102237042,1706.56,C,2024-11-04
2411048138429720,SYNID0104563551,597.33,C,2024-11-04
2411048455639293,SYNID0102187808,538.32,C,2024-11-04
2411048559056350,SYNID0104793363,948.79,D,2024-11-04
2411047761165065,SYNID0200117193,37407.68,C,2024-11-04
2411047484777265,SYNID0200473765,307138.45,D,2024-11-04
2411043400018992,SYNID0200194113,71562.06,D,2024-11-04
2411043890513131,SYNID0107060364,2130.59,D,2024-11-04
2411041054440398,SYNID0105637161,748.92,C,2024-11-04
2411045928652207,SYNID0101023575,262.2,C,2024-11-04
2411044449942969,SYNID0104968692,902.35,C,2024-11-04
2411048661095552,SYNID0104106561,769.9,C,2024-11-04
2411040579082656,SYNID0107702839,3742.77,C,2024-11-04
2411045183124334,SYNID0109343632,222.13,C,2024-11-04
2411045225487879,SYNID0107704602,1029.58,C,2024-11-04
2411055488848517,SYNID0200846351,14017.98,D,2024-11-05
2411054214671719,SYNID0200192167,513.76,D,2024-11-05
2411056163943684,SYNID0200117193,26469.55,D,2024-11-05
2411066398051645,SYNID0108222072,20840.66,C,2024-11-06
2411068129071750,SYNID0200695990,50715.85,D,2024-11-06
2411063640824188,SYNID0108402251,3199.12,C,2024-11-06
2411062904925927,SYNID0100331134,158631.09,D,2024-11-06
2411067240234325,SYNID0101959303,2604.89,C,2024-11-06
2411063392248800,SYNID0108830654,2071.46,C,2024-11-06
2411062440098738,SYNID0200917657,5779.26,D,2024-11-06
2411063781935951,SYNID0103809585,3292.43,C,2024-11-06
2411064006532700,SYNID0103180628,2655.09,C,2024-11-06
2411062406635596,SYNID0103673861,3447.26,C,2024-11-06
2411064266681065,SYNID0100513500,2122.76,C,2024-11-06
2411063505852183,SYNID0107845605,3689.97,C,2024-11-06
2411062352917758,SYNID0200974843,25545.83,C,2024-11-06
2411068368661784,SYNID0109405298,2207.23,C,2024-11-06
2411062758388790,SYNID0101843084,739.66,C,2024-11-06
2411063892145824,SYNID0100731625,4194.51,C,2024-11-06
2411068241681658,SYNID0101046736,3175.86,C,2024-11-06
2411060431985892,SYNID0103070426,2848.27,C,2024-11-06
2411063434858703,SYNID0100261467,1397.04,C,2024-11-06
2411062318116296,SYNID0101431251,2179.37,C,2024-11-06
2411068101716681,SYNID0108353065,1022.24,C,2024-11-06
2411069581907486,SYNID0102431447,3899.39,C,2024-11-06
2411066278901762,SYNID0200155033,26235.85,D,2024-11-06
2411065312310904,SYNID0102303661,3157.93,C,2024-11-06
2411065031663371,SYNID0109631382,1033.18,C,2024-11-06
2411069583411531,SYNID0103771994,8566.16,C,2024-11-06
2411072166014776,SYNID0104375677,1041.34,C,2024-11-07
2411079679050423,SYNID0200917657,3439.37,D,2024-11-07
2411071307305457,SYNID0200917657,2049.56,D,2024-11-07
2411072771021933,SYNID0102187808,972.14,C,2024-11-07
2411077101396355,SYNID0200917657,1250.38,D,2024-11-07
2411071552708152,SYNID0100019645,205955.52,C,2024-11-07
2411072226773146,SYNID0200726612,796.08,D,2024-11-07
2411074253881221,SYNID0200917657,4173.72,D,2024-11-07
2411078783965672,SYNID0104563551,16032.15,C,2024-11-07
2411070619621671,SYNID0100264783,1058.05,C,2024-11-07
2411073588700282,SYNID0200917657,950.35,D,2024-11-07
2411073298657496,SYNID0107365964,2327.79,C,2024-11-07
2411074017406086,SYNID0200917657,1762.99,D,2024-11-07
2411071768065180,SYNID0200917657,994.55,D,2024-11-07
2411072848451549,SYNID0200243928,8165.42,D,2024-11-07
2411074652267775,SYNID0108631517,5737.11,C,2024-11-07
2411073660496904,SYNID0108657733,215372.95,C,2024-11-07
2411077950423837,SYNID0103779617,843.84,C,2024-11-07
2411077454933212,SYNID0200917657,1438.1,D,2024-11-07
2411074869581264,SYNID0200642224,12363.5,C,2024-11-07
2411075145151924,SYNID0104733848,952.14,C,2024-11-07
2411072884391731,SYNID0200892556,5925.89,D,2024-11-07
2411070038319879,SYNID0107789398,2116.07,D,2024-11-07
2411072313656227,SYNID0200917657,3072.89,D,2024-11-07
2411071352843507,SYNID0200917657,1065.14,D,2024-11-07
2411074598626299,SYNID0107711954,1081.02,C,2024-11-07
2411070108181480,SYNID0200513227,5166.2,D,2024-11-07
2411070822999491,SYNID0108077789,206117.08,C,2024-11-07
2411070034456196,SYNID0109087042,957.52,C,2024-11-07
2411075394266883,SYNID0200674036,1863.1,D,2024-11-07
2411078388145159,SYNID0200763026,519.23,C,2024-11-07
2411078791211839,SYNID0109614758,1044.22,C,2024-11-07
2411077193281261,SYNID0108190364,12411.7,D,2024-11-07
2411074964695059,SYNID0100190705,1218.6,C,2024-11-07
2411078548432071,SYNID0200639789,177773.65,D,2024-11-07
2411079174957994,SYNID0200917657,1408.78,D,2024-11-07
2411079832747688,SYNID0200948153,125395.15,D,2024-11-07
2411071887584025,SYNID0107331162,8883.42,C,2024-11-07
2411075586960652,SYNID0200535427,11472.88,D,2024-11-07
2411072070163904,SYNID0200223705,121242.27,D,2024-11-07
2411077334178376,SYNID0200464705,29548.68,D,2024-11-07
2411074580712923,SYNID0200951869,5125.55,D,2024-11-07
2411072347872573,SYNID0200437114,334.36,C,2024-11-07
2411073051370357,SYNID0200498815,412324.37,C,2024-11-07
2411076001887808,SYNID0200521470,10381.41,D,2024-11-07
2411078908720187,SYNID0108998596,38030.65,D,2024-11-07
2411073354411698,SYNID0200071039,3855.84,C,2024-11-07
2411077539468504,SYNID0108572189,9174.33,D,2024-11-07
2411070750080668,SYNID0200917657,1867.86,D,2024-11-07
2411072497927100,SYNID0200917657,940.14,D,2024-11-07
2411071016648586,SYNID0200345105,35262.47,C,2024-11-07
2411072656151519,SYNID0105287786,87982.91,D,2024-11-07
2411079509401841,SYNID0200621069,8382.85,C,2024-11-07
2411074183279622,SYNID0102555358,1049.83,C,2024-11-07
2411074704455019,SYNID0200566608,17210.53,D,2024-11-07
2411077490582888,SYNID0103903652,4949.58,C,2024-11-07
2411073740484062,SYNID0200155033,7053.52,D,2024-11-07
2411072999937525,SYNID0200045450,3532.4,C,2024-11-07
2411074674282837,SYNID0200020394,5124.26,C,2024-11-07
2411073473703236,SYNID0104227665,13314.58,C,2024-11-07
2411073802763834,SYNID0200660991,387.71,C,2024-11-07
2411076428922784,SYNID0103150195,21342.36,C,2024-11-07
2411070783539410,SYNID0107012763,10389.37,D,2024-11-07
2411075213269647,SYNID0200206399,186394.85,D,2024-11-07
2411074477992791,SYNID0200046967,821.6,D,2024-11-07
2411077145339627,SYNID0200861750,24521.56,C,2024-11-07
2411078968065280,SYNID0109006511,1808.72,D,2024-11-07
2411077936811689,SYNID0109914698,845.09,C,2024-11-07
2411079176644253,SYNID0101105191,981.05,C,2024-11-07
2411075217793022,SYNID0105842189,3318.07,D,2024-11-07
2411071039634670,SYNID0106756650,1447.64,C,2024-11-07
2411075095502591,SYNID0200263267,26395.74,D,2024-11-07
2411071877686637,SYNID0200845936,7729.92,D,2024-11-07
2411076484654010,SYNID0200567030,199454.91,D,2024-11-07
2411074440791139,SYNID0101889402,176.26,C,2024-11-07
2411072311327328,SYNID0108145877,5690.45,C,2024-11-07
2411076374202701,SYNID0103180628,3660.73,C,2024-11-07
2411079573382909,SYNID0104858304,5724.77,C,2024-11-07
2411072596847553,SYNID0100576971,10835.05,D,2024-11-07
2411072133261064,SYNID0101889402,1379.91,C,2024-11-07
2411078864171853,SYNID0108770535,5608.04,C,2024-11-07
2411077858197660,SYNID0102165741,1967.33,C,2024-11-07
2411075148413866,SYNID0200917657,4175.3,D,2024-11-07
2411075694124244,SYNID0108967642,2093.29,C,2024-11-07
2411072996157782,SYNID0108770535,12855.1,C,2024-11-07
2411073652012472,SYNID0200639724,2728.47,D,2024-11-07
2411073428141981,SYNID0200192167,2126.17,D,2024-11-07
2411073662771144,SYNID0105890772,3254.18,C,2024-11-07
2411076005774282,SYNID0200789296,191417.35,D,2024-11-07
2411071612599886,SYNID0103798074,7315.44,C,2024-11-07
2411074525651144,SYNID0200192167,52166.86,D,2024-11-07
2411074009239130,SYNID0200494373,1487.89,D,2024-11-07
2411071747582294,SYNID0108942458,1375.21,C,2024-11-07
2411089632725971,SYNID0200917657,2584.29,D,2024-11-08
2411082912881509,SYNID0103180351,8276.14,C,2024-11-08
2411085080343172,SYNID0200264413,138.9,C,2024-11-08
2411080870003158,SYNID0200243928,2163.6,D,2024-11-08
2411085077944082,SYNID0200806649,17256.43,D,2024-11-08
2411083349971235,SYNID0102348030,203032.18,C,2024-11-08
2411080510979217,SYNID0101351635,4023.42,C,2024-11-08
2411086727372107,SYNID0200917657,2465.21,D,2024-11-08
2411088315380182,SYNID0200155033,74760.59,C,2024-11-08
2411085581227693,SYNID0105776196,74.51,C,2024-11-08
2411089636644910,SYNID0200917657,3521.88,D,2024-11-08
2411086473782043,SYNID0107071658,11519.44,D,2024-11-08
2411082900123778,SYNID0200965810,5893.77,D,2024-11-08
2411084798772934,SYNID0200402842,16774.88,D,2024-11-08
2411083889878200,SYNID0200917657,3573.45,D,2024-11-08
2411086091098873,SYNID0200917657,2748.98,D,2024-11-08
2411080000855888,SYNID0107672983,1509.35,D,2024-11-08
2411082681113192,SYNID0200917657,2804.39,D,2024-11-08
2411088606179981,SYNID0200917657,1704.87,D,2024-11-08
2411084150501254,SYNID0200917657,5077.43,D,2024-11-08
2411086756670731,SYNID0200155033,48510.39,C,2024-11-08
2411086786290562,SYNID0200917657,1205.77,D,2024-11-08
2411080177019718,SYNID0200582957,2802.08,D,2024-11-08
2411084473502197,SYNID0103973672,16913.57,C,2024-11-08
2411084444318215,SYNID0200917657,3279.97,D,2024-11-08
2411082992845625,SYNID0200917657,2807.95,D,2024-11-08
2411081095061665,SYNID0200639063,19639.75,D,2024-11-08
2411088537203455,SYNID0200891443,155305.57,C,2024-11-08
2411087064404060,SYNID0104617848,56888.02,C,2024-11-08
2411083156236338,SYNID0108637466,1096.22,D,2024-11-08
2411089045318964,SYNID0108748502,29463.85,D,2024-11-08
2411080290395211,SYNID0100957046,10263.04,D,2024-11-08
2411087327993163,SYNID0106145122,10302.64,D,2024-11-08
2411088049699955,SYNID0109158247,11890.81,C,2024-11-08
2411082445764410,SYNID0200639308,1571.91,D,2024-11-08
2411089757353369,SYNID0200468000,9097.42,C,2024-11-08
2411089351068353,SYNID0108402251,12927.82,C,2024-11-08
2411080514079569,SYNID0107335032,1584.54,C,2024-11-08
2411086657637703,SYNID0102503299,1098.02,D,2024-11-08
2411083575358739,SYNID0107173210,1375.9,D,2024-11-08
2411088400605404,SYNID0101765420,30861.61,D,2024-11-08
2411080185285857,SYNID0100786525,30204.2,D,2024-11-08
2411088290352734,SYNID0200319910,3486.26,C,2024-11-08
2411085128919622,SYNID0109817928,6152.54,C,2024-11-08
2411080410493160,SYNID0200552733,10054.76,C,2024-11-08
2411081887227326,SYNID0103164188,4163.13,D,2024-11-08
2411087371144386,SYNID0101353427,10941.46,C,2024-11-08
2411086623810408,SYNID0101571361,2100.73,C,2024-11-08
2411082800123129,SYNID0108873111,339.76,C,2024-11-08
2411082728028094,SYNID0109162330,30528.34,D,2024-11-08
2411084433631811,SYNID0105891650,77.95,C,2024-11-08
2411085983014472,SYNID0200639063,30530.59,C,2024-11-08
2411080725613148,SYNID0106267975,10242.03,D,2024-11-08
2411088278783074,SYNID0108957577,10141.37,C,2024-11-08
2411089232770131,SYNID0200192167,1431.18,D,2024-11-08
2411087759859474,SYNID0107009661,22074.08,C,2024-11-08
2411083227605513,SYNID0107203125,1045.56,C,2024-11-08
2411086521648610,SYNID0102848926,996.61,C,2024-11-08
2411089553204110,SYNID0108641559,5028.45,C,2024-11-08
2411089608035621,SYNID0108700402,1117.96,C,2024-11-08
2411088667017832,SYNID0200062723,6316.0,D,2024-11-08
2411080269042840,SYNID0200818631,6148.2,D,2024-11-08
2411080124473423,SYNID0200377301,3481.02,D,2024-11-08
2411084115539489,SYNID0200706795,11552.24,D,2024-11-08
2411083689479272,SYNID0200372068,20247.8,D,2024-11-08
2411088392450424,SYNID0200513227,10619.69,D,2024-11-08
2411080753222926,SYNID0200521470,182249.73,D,2024-11-08
2411086973625198,SYNID0101992586,21836.93,C,2024-11-08
2411085287308166,SYNID0200037052,15798.15,D,2024-11-08
2411087111330486,SYNID0105321438,10512.85,C,2024-11-08
2411089396225181,SYNID0107676830,78.17,C,2024-11-08
2411091116553416,SYNID0108942458,1664.8,C,2024-11-09
2411093360623938,SYNID0101420719,157.81,C,2024-11-09
2411093328298497,SYNID0200139807,155684.47,D,2024-11-09
2411095138900917,SYNID0101008215,76.28,C,2024-11-09
2411092479123823,SYNID0101419599,10824.51,D,2024-11-09
2411095609898058,SYNID0106152240,1005.55,C,2024-11-09
2411091457974405,SYNID0200628534,3628.98,D,2024-11-09
2411099675660367,SYNID0108586460,1137.68,C,2024-11-09
2411090171373084,SYNID0200691967,63911.38,C,2024-11-09
2411098448913108,SYNID0109544503,1339.07,D,2024-11-09
2411097851745879,SYNID0103830843,29987.33,D,2024-11-09
2411090811716185,SYNID0200231662,3459.78,D,2024-11-09
2411090635027183,SYNID0102099733,1063.64,C,2024-11-09
2411097903575693,SYNID0100855304,1204.89,C,2024-11-09
2411099981258055,SYNID0109343632,7379.5,C,2024-11-09
2411094536458998,SYNID0104130134,10849.92,C,2024-11-09
2411097701624479,SYNID0200917657,659.38,D,2024-11-09
2411094514783641,SYNID0107348323,9506.06,C,2024-11-09
2411097673158527,SYNID0107533483,8314.57,C,2024-11-09
2411095215082643,SYNID0104150009,318137.44,C,2024-11-09
2411090559287640,SYNID0200017800,80644.2,C,2024-11-09
2411098087873134,SYNID0200396136,15920.36,C,2024-11-09
2411097168361066,SYNID0106589356,71.41,C,2024-11-09
2411096357624079,SYNID0200917657,1518.34,D,2024-11-09
2411099596369504,SYNID0200917657,3760.62,C,2024-11-09
2411093549308755,SYNID0200917657,2168.19,D,2024-11-09
2411091867635019,SYNID0200917657,4569.37,D,2024-11-09
2411094093238999,SYNID0200428876,2332.19,D,2024-11-09
2411098067167991,SYNID0200428876,36162.17,C,2024-11-09
2411099250755576,SYNID0200917657,3698.0,D,2024-11-09
2411098293867208,SYNID0200313032,615.01,D,2024-11-09
2411090439390624,SYNID0100259717,4913.43,C,2024-11-09
2411098013524012,SYNID0200917657,3601.58,D,2024-11-09
2411091590762094,SYNID0105262400,10201.84,C,2024-11-09
2411091952186655,SYNID0106652180,31712.64,D,2024-11-09
2411092556577486,SYNID0200188183,10538.78,D,2024-11-09
2411093368204491,SYNID0200389404,2723.5,C,2024-11-09
2411095936647995,SYNID0101263826,10835.14,D,2024-11-09
2411099737049351,SYNID0200726612,13953.78,C,2024-11-09
2411092705890658,SYNID0200494373,184198.26,D,2024-11-09
2411099559734589,SYNID0100834290,74.47,C,2024-11-09
2411094746640023,SYNID0200806649,90180.91,D,2024-11-09
2411092612122509,SYNID0200971699,18394.16,C,2024-11-09
2411098066577559,SYNID0200411562,692.14,C,2024-11-09
2411092605655939,SYNID0200639063,14641.31,C,2024-11-09
2411101017416832,SYNID0105444945,11868.26,C,2024-11-10
2411102247970775,SYNID0200639063,1595.13,C,2024-11-10
2411106810085818,SYNID0200463811,74527.49,C,2024-11-10
2411109047148124,SYNID0105311687,25582.07,D,2024-11-10
2411103976723054,SYNID0200917657,1257.45,D,2024-11-10
2411100926962411,SYNID0200961090,7537.19,C,2024-11-10
2411109569300848,SYNID0108873111,5223.75,C,2024-11-10
2411101520221627,SYNID0200437114,71232.73,D,2024-11-10
2411108097394295,SYNID0100357129,23224.19,D,2024-11-10
2411100806169541,SYNID0109337071,66351.7,C,2024-11-10
2411103811574796,SYNID0103459799,1033.02,C,2024-11-10
2411105087060037,SYNID0108681787,2445.67,C,2024-11-10
2411105404505127,SYNID0200917657,3469.98,D,2024-11-10
2411105642645831,SYNID0200639063,250.29,C,2024-11-10
2411107107774127,SYNID0200170062,85020.38,C,2024-11-10
2411104512805005,SYNID0109667958,178.23,D,2024-11-10
2411102960873226,SYNID0200375148,3842.4,C,2024-11-10
2411103018922943,SYNID0104564925,7759.26,C,2024-11-10
2411102298910550,SYNID0105142740,79.43,C,2024-11-10
2411107000970458,SYNID0106992291,1546.01,C,2024-11-10
2411107102021206,SYNID0200917657,5653.42,D,2024-11-10
2411103409548523,SYNID0101820104,18647.47,D,2024-11-10
2411108363166628,SYNID0108851307,18711.97,D,2024-11-10
2411109592728391,SYNID0101239083,2045.05,C,2024-11-10
2411103380733369,SYNID0200442608,41880.41,D,2024-11-10
2411106711630466,SYNID0200903625,593.22,C,2024-11-10
2411109004431683,SYNID0106206310,1311.94,C,2024-11-10
2411108405793683,SYNID0107901561,7575.82,C,2024-11-10
2411106545358334,SYNID0105660335,2748.93,C,2024-11-10
2411109908103774,SYNID0200917657,5346.0,D,2024-11-10
2411106336066479,SYNID0200917657,2122.53,D,2024-11-10
2411102850719893,SYNID0108380924,12232.83,C,2024-11-10
2411108501395177,SYNID0106159928,196733.38,C,2024-11-10
2411107155386179,SYNID0200174977,5379.29,D,2024-11-10
2411100045128482,SYNID0107722949,1528.34,D,2024-11-10
2411100556525136,SYNID0200917657,1781.16,D,2024-11-10
2411109234638098,SYNID0108109770,1210.88,C,2024-11-10
2411109343215184,SYNID0107696824,182.6,C,2024-11-10
2411105334386457,SYNID0200950065,477570.73,C,2024-11-10
2411109522228283,SYNID0105992499,325.92,C,2024-11-10
2411100667428598,SYNID0106043818,1190.91,C,2024-11-10
2411109419667623,SYNID0101525691,53894.22,C,2024-11-10
2411104713575646,SYNID0106043818,144.36,C,2024-11-10
2411109107747350,SYNID0103664160,24603.48,D,2024-11-10
2411107510912159,SYNID0101419599,5344.47,C,2024-11-10
2411106390561631,SYNID0200535427,2068.17,C,2024-11-10
2411102076445014,SYNID0101696534,383.41,C,2024-11-10
2411102187864917,SYNID0106568775,6860.31,C,2024-11-10
2411105733587161,SYNID0200192167,884.47,D,2024-11-10
2411104696870055,SYNID0200726612,6276.06,D,2024-11-10
2411102827538073,SYNID0102686451,341.3,C,2024-11-10
2411109342022690,SYNID0104845603,330.88,C,2024-11-10
2411102679280036,SYNID0200726612,3591.38,C,2024-11-10
2411103760055484,SYNID0104636636,23953.02,C,2024-11-10
2411104138137650,SYNID0200791566,59916.11,C,2024-11-10
2411106673127902,SYNID0101999515,15727.77,C,2024-11-10
2411100925027278,SYNID0200965810,2934.86,D,2024-11-10
2411107235831923,SYNID0104038735,263.42,C,2024-11-10
2411107498581912,SYNID0200054923,1142.45,C,2024-11-10
2411100283660937,SYNID0109078106,931.96,C,2024-11-10
2411100602744118,SYNID0105548347,9177.4,C,2024-11-10
2411109412604363,SYNID0100786525,2126.01,C,2024-11-10
2411109570600243,SYNID0104948025,1394.19,C,2024-11-10
2411101498218634,SYNID0102047281,66827.12,C,2024-11-10
2411102988632513,SYNID0105570325,353.4,C,2024-11-10
2411102504091398,SYNID0106920373,1067.78,C,2024-11-10
2411119220315178,SYNID0200214447,22545.52,C,2024-11-11
2411113550006581,SYNID0200868532,849.33,C,2024-11-11
2411117080221405,SYNID0200917657,6906.31,D,2024-11-11
2411114981276637,SYNID0109129873,16675.18,C,2024-11-11
2411110841568859,SYNID0103726585,148.86,C,2024-11-11
2411126063966137,SYNID0109914698,2120.64,C,2024-11-12
2411125707052199,SYNID0100348474,21779.78,C,2024-11-12
2411122034945431,SYNID0108402676,8572.4,C,2024-11-12
2411125190753253,SYNID0105094669,1194.15,C,2024-11-12
2411125357425948,SYNID0200917657,1565.58,D,2024-11-12
2411132400130661,SYNID0200639063,913.91,D,2024-11-13
2411134641472438,SYNID0200058698,1622.67,D,2024-11-13
2411132974643026,SYNID0200155033,1688.07,C,2024-11-13
2411136291773555,SYNID0109737906,9690.09,C,2024-11-13
2411138635585283,SYNID0200985313,129415.53,D,2024-11-13
2411131097592272,SYNID0103973672,30201.98,C,2024-11-13
2411137247078836,SYNID0200881262,29557.89,D,2024-11-13
2411134667777212,SYNID0100245693,10737.46,C,2024-11-13
2411131052176471,SYNID0102386693,1693.26,C,2024-11-13
2411134496568656,SYNID0200262883,5203.39,D,2024-11-13
2411144777816148,SYNID0107490609,324.07,C,2024-11-14
2411146604774702,SYNID0100037728,1565.68,C,2024-11-14
2411149671730066,SYNID0100059769,102.44,C,2024-11-14
2411140395529336,SYNID0105635317,158.15,C,2024-11-14
2411147012140242,SYNID0200806649,804.1,C,2024-11-14
2411144001816579,SYNID0100838289,6357.22,C,2024-11-14
2411149299942022,SYNID0103703533,601.33,C,2024-11-14
2411147795849526,SYNID0103703533,71256.78,C,2024-11-14
2411149680026926,SYNID0200974843,75070.0,C,2024-11-14
2411140837173993,SYNID0200883538,43002.62,D,2024-11-14
2411143845719151,SYNID0101698026,119.41,C,2024-11-14
2411140818544829,SYNID0105558565,216.87,C,2024-11-14
2411145024056432,SYNID0200881262,460215.18,D,2024-11-14
2411140233245797,SYNID0200361721,3639.37,C,2024-11-14
2411147386293807,SYNID0200377301,10564.71,D,2024-11-14
2411143701210136,SYNID0100264783,785.35,C,2024-11-14
2411142410078740,SYNID0200587811,2125.28,D,2024-11-14
2411141651958290,SYNID0200428876,67401.75,D,2024-11-14
2411143755381380,SYNID0108124155,714.12,C,2024-11-14
2411140947850686,SYNID0200473765,3558.43,D,2024-11-14
2411149645014532,SYNID0200463729,2979.41,C,2024-11-14
2411148549396693,SYNID0101145286,306.38,C,2024-11-14
2411148034657165,SYNID0105206925,359.42,C,2024-11-14
2411144073670291,SYNID0200408952,747.01,C,2024-11-14
2411142531274707,SYNID0200101140,2095.34,C,2024-11-14
2411140878230715,SYNID0102088890,1905.18,C,2024-11-14
2411149584505778,SYNID0200417317,253773.39,D,2024-11-14
2411145207953031,SYNID0108473973,1676.89,C,2024-11-14
2411149008985881,SYNID0100264783,90.58,C,2024-11-14
2411144473389945,SYNID0200568279,293263.93,C,2024-11-14
2411145903225282,SYNID0104888431,108.0,C,2024-11-14
2411146988346893,SYNID0200422014,55796.22,C,2024-11-14
2411144560985274,SYNID0101289731,8655.49,C,2024-11-14
2411143441265729,SYNID0200500850,8909.56,D,2024-11-14
2411147593877969,SYNID0108238572,5905.0,C,2024-11-14
2411148649558997,SYNID0101153245,63237.06,C,2024-11-14
2411146590982004,SYNID0103075959,1764.82,D,2024-11-14
2411148334066758,SYNID0102959047,514.7,C,2024-11-14
2411144673400849,SYNID0102526614,5480.89,D,2024-11-14
2411144158991418,SYNID0104865611,44336.48,D,2024-11-14
2411140330526482,SYNID0102675098,196.34,C,2024-11-14
2411149028484739,SYNID0107412429,9624.49,C,2024-11-14
2411148029962989,SYNID0200341758,13427.45,D,2024-11-14
2411142360496614,SYNID0100791565,391.88,C,2024-11-14
2411141020350541,SYNID0200639789,730817.34,D,2024-11-14
2411140029413719,SYNID0104768657,42.17,C,2024-11-14
2411142456947638,SYNID0107508468,7373.86,C,2024-11-14
2411140493649525,SYNID0109771736,81828.57,C,2024-11-14
2411149866909542,SYNID0200345105,21241.42,D,2024-11-14
2411143513166772,SYNID0200634431,499.06,D,2024-11-14
2411141484477811,SYNID0103136433,1073.56,C,2024-11-14
2411146689511998,SYNID0103136433,1214.33,C,2024-11-14
2411149288018884,SYNID0101256765,37081.54,C,2024-11-14
2411141198428431,SYNID0200639063,8853.25,C,2024-11-14
2411149708090007,SYNID0200639063,7029.98,D,2024-11-14
2411141804616438,SYNID0102878038,4095.01,C,2024-11-14
2411149158761767,SYNID0200917657,1204.65,D,2024-11-14
2411148826376584,SYNID0200639063,7074.56,D,2024-11-14
2411148032171209,SYNID0200917657,7053.88,D,2024-11-14
2411145888063490,SYNID0200032918,25432.38,D,2024-11-14
2411143668802911,SYNID0200262883,35763.83,D,2024-11-14
2411144110117090,SYNID0200917657,1524.01,D,2024-11-14
2411146057739401,SYNID0105287786,166.58,C,2024-11-14
2411140639662342,SYNID0103087275,3177.57,C,2024-11-14
2411140942242661,SYNID0100115270,13066.54,C,2024-11-14
2411147119845810,SYNID0200917657,2711.39,D,2024-11-14
2411141560270141,SYNID0200262883,21860.55,D,2024-11-14
2411141177472192,SYNID0200942069,78276.96,C,2024-11-14
2411140258455315,SYNID0200917657,120.64,D,2024-11-14
2411149939899047,SYNID0200639063,6438.6,D,2024-11-14
2411141685451140,SYNID0200917657,6147.47,D,2024-11-14
2411143278899580,SYNID0200221187,9303.41,C,2024-11-14
2411143928350743,SYNID0105775034,1735.8,C,2024-11-14
2411142673777500,SYNID0108539116,1097.57,C,2024-11-14
2411148806030971,SYNID0105603042,301832.48,C,2024-11-14
2411142218886166,SYNID0102294807,1959.18,C,2024-11-14
2411144599226229,SYNID0107074126,9864.29,C,2024-11-14
2411149697129043,SYNID0100066045,8742.53,D,2024-11-14
2411146132598165,SYNID0200639063,21149.62,C,2024-11-14
2411141628341274,SYNID0200752122,153057.91,C,2024-11-14
2411148228775386,SYNID0102208896,4292.77,C,2024-11-14
2411147756757830,SYNID0102285591,60.81,C,2024-11-14
2411147199199510,SYNID0100914035,85645.68,D,2024-11-14
2411141212566908,SYNID0200639063,44245.45,C,2024-11-14
2411147152520601,SYNID0106268860,794.68,C,2024-11-14
2411140713516911,SYNID0200119386,51450.89,D,2024-11-14
2411141864383561,SYNID0102252319,316.76,C,2024-11-14
2411144651415143,SYNID0200045450,321851.15,C,2024-11-14
2411143467838590,SYNID0200639063,85020.16,D,2024-11-14
2411144997063981,SYNID0200354978,2090.84,D,2024-11-14
2411148085047631,SYNID0100714451,1001.71,C,2024-11-14
2411144540301644,SYNID0105156908,3260.93,C,2024-11-14
2411142522264577,SYNID0107610540,6469.05,C,2024-11-14
2411144832690281,SYNID0200551119,6422.58,C,2024-11-14
2411142041697609,SYNID0108464589,1082.49,C,2024-11-14
2411147458628578,SYNID0102998574,464.36,C,2024-11-14
2411147687790046,SYNID0200117193,1316.58,C,2024-11-14
2411145675918467,SYNID0200740837,15445.1,C,2024-11-14
2411146058165963,SYNID0200009106,29013.99,D,2024-11-14
2411141592228933,SYNID0101341980,15959.89,C,2024-11-14
2411140343792035,SYNID0104976658,460.0,C,2024-11-14
2411145790036052,SYNID0200917657,3631.03,D,2024-11-14
2411144093732929,SYNID0200917657,4214.1,D,2024-11-14
2411145207633776,SYNID0101790678,1260.03,D,2024-11-14
2411147700483015,SYNID0200639063,160272.84,C,2024-11-14
2411141848233770,SYNID0200917657,261.83,D,2024-11-14
2411149903892626,SYNID0102066716,7318.8,D,2024-11-14
2411145802444362,SYNID0200330706,44588.41,D,2024-11-14
2411141481487886,SYNID0200846351,18521.87,D,2024-11-14
2411141077704776,SYNID0200523887,1152.14,D,2024-11-14
2411144215695249,SYNID0108014611,675.27,D,2024-11-14
2411147420622246,SYNID0200523887,13683.71,D,2024-11-14
2411146516656368,SYNID0200195508,14386.37,C,2024-11-14
2411148584762060,SYNID0200806649,631.0,C,2024-11-14
2411145138225014,SYNID0200326748,9227.82,C,2024-11-14
2411146790297161,SYNID0200005824,7154.65,C,2024-11-14
2411148373359725,SYNID0200538437,75990.47,D,2024-11-14
2411144695647083,SYNID0101481814,505.59,C,2024-11-14
2411143191809757,SYNID0200917657,293.89,D,2024-11-14
2411147877503132,SYNID0108249774,43.93,C,2024-11-14
2411149978680957,SYNID0200660991,7301.14,C,2024-11-14
2411149701327770,SYNID0200917657,7914.6,D,2024-11-14
2411143148834660,SYNID0108665432,901.61,C,2024-11-14
2411147608306930,SYNID0108139222,240.49,C,2024-11-14
2411144151593130,SYNID0200917657,291.98,D,2024-11-14
2411148731381642,SYNID0200447063,80935.63,C,2024-11-14
2411142664059554,SYNID0200917657,5326.61,D,2024-11-14
2411146168029327,SYNID0200917657,801.01,D,2024-11-14
2411146930377769,SYNID0107946845,7269.21,C,2024-11-14
2411159839091287,SYNID0102320537,10276.78,C,2024-11-15
2411159645964496,SYNID0105268655,838.5,C,2024-11-15
2411156671716000,SYNID0102592181,8335.03,C,2024-11-15
2411154421768415,SYNID0200639063,3428.45,C,2024-11-15
2411154852235450,SYNID0105563117,346.86,C,2024-11-15
2411157292267398,SYNID0100293524,4375.28,C,2024-11-15
2411155318499962,SYNID0200795823,2335.1,C,2024-11-15
2411152689710084,SYNID0109886602,1080.16,C,2024-11-15
2411150182488117,SYNID0200567030,37855.58,C,2024-11-15
2411153027230094,SYNID0200772368,494882.1,C,2024-11-15
2411159355421252,SYNID0200370809,38249.62,D,2024-11-15
2411159658150272,SYNID0105727017,868.64,C,2024-11-15
2411150507049061,SYNID0107446808,2239.51,C,2024-11-15
2411150891588204,SYNID0101615309,11082.21,C,2024-11-15
2411158767037865,SYNID0200135714,31639.57,C,2024-11-15
2411157053113520,SYNID0109926255,1247.58,C,2024-11-15
2411152688013640,SYNID0107702071,315.26,C,2024-11-15
2411158969592969,SYNID0102548813,6649.3,C,2024-11-15
2411156192724623,SYNID0107046337,18379.36,C,2024-11-15
2411154024260307,SYNID0200538935,33881.18,C,2024-11-15
2411151953887218,SYNID0107672790,16446.25,C,2024-11-15
2411155085828307,SYNID0100728967,32928.81,C,2024-11-15
2411156840911502,SYNID0104528041,28912.99,C,2024-11-15
2411156334479175,SYNID0200881262,339939.82,D,2024-11-15
2411150545553514,SYNID0104733589,73888.69,C,2024-11-15
2411153360500951,SYNID0200087629,14178.02,C,2024-11-15
2411155808895416,SYNID0109141463,858.58,C,2024-11-15
2411159692479075,SYNID0103140011,1259.52,C,2024-11-15
2411158650019525,SYNID0104634327,1272.16,C,2024-11-15
2411155204548666,SYNID0103413629,2093.5,C,2024-11-15
2411151316601543,SYNID0101690663,354.26,C,2024-11-15
2411151400362394,SYNID0108748502,432.44,C,2024-11-15
2411154835027059,SYNID0103703533,1003.74,C,2024-11-15
2411150850904802,SYNID0107482050,1024.81,C,2024-11-15
2411159037506604,SYNID0102328703,6964.04,C,2024-11-15
2411151049438217,SYNID0200639063,5404.56,C,2024-11-15
2411154361285581,SYNID0101193908,323623.14,C,2024-11-15
2411156770546572,SYNID0104130134,5261.36,C,2024-11-15
2411153336566832,SYNID0100340251,1045.34,C,2024-11-15
2411155084454540,SYNID0107482050,2166.94,C,2024-11-15
2411154833117644,SYNID0100261467,22923.32,C,2024-11-15
2411156174125473,SYNID0109163017,70280.74,D,2024-11-15
2411158954398376,SYNID0100957046,938.78,C,2024-11-15
2411154816487887,SYNID0104844487,854.1,C,2024-11-15
2411153532928828,SYNID0103703533,6964.6,D,2024-11-15
2411153373887529,SYNID0101897108,225.08,C,2024-11-15
2411158456647243,SYNID0200494373,23508.7,D,2024-11-15
2411151646703692,SYNID0100250057,161.68,C,2024-11-15
2411157850543160,SYNID0101741720,348.32,C,2024-11-15
2411157477787563,SYNID0104409329,22247.72,D,2024-11-15
2411155544598650,SYNID0107178848,741.43,C,2024-11-15
2411152632248210,SYNID0103850912,3200.54,C,2024-11-15
2411151658868248,SYNID0109373328,68053.17,C,2024-11-15
2411152298980678,SYNID0100458116,340.06,C,2024-11-15
2411151096058937,SYNID0108998596,842.19,C,2024-11-15
2411151750248333,SYNID0105729937,19.85,C,2024-11-15
2411150639006456,SYNID0107672983,6398.77,C,2024-11-15
2411154045843941,SYNID0109427055,131.77,D,2024-11-15
2411156530908293,SYNID0200657746,2396.46,D,2024-11-15
2411152656856130,SYNID0200917657,3509.01,D,2024-11-15
2411157852827681,SYNID0109187728,10678.91,C,2024-11-15
2411158324510438,SYNID0200262883,77405.69,C,2024-11-15
2411150899005471,SYNID0101026631,2955.0,C,2024-11-15
2411156013402458,SYNID0200521470,3536.43,D,2024-11-15
2411156013306106,SYNID0200393622,102422.81,D,2024-11-15
2411159314379981,SYNID0200025229,75525.24,C,2024-11-15
2411154682071945,SYNID0102030722,20518107.61,C,2024-11-15
2411154339493874,SYNID0102490473,424.24,C,2024-11-15
2411159565918190,SYNID0106350653,2063.32,C,2024-11-15
2411150898040546,SYNID0200538437,3500.11,D,2024-11-15
2411159141831787,SYNID0200280209,5100.79,C,2024-11-15
2411157891206520,SYNID0200341758,762501.37,D,2024-11-15
2411155543721623,SYNID0200791830,3440.43,C,2024-11-15
2411151457755998,SYNID0200440438,2643.25,D,2024-11-15
2411150521726400,SYNID0200440438,11345.14,C,2024-11-15
2411151682709450,SYNID0200760037,526.48,D,2024-11-15
2411150420566646,SYNID0100845389,699.33,C,2024-11-15
2411158515254083,SYNID0200155033,6799.64,C,2024-11-15
2411155716922362,SYNID0100019645,7222.22,C,2024-11-15
2411152251582688,SYNID0109752565,3593.85,C,2024-11-15
2411154804464545,SYNID0200537412,9082.87,C,2024-11-15
2411151708631807,SYNID0108951318,60168.15,C,2024-11-15
2411151143170374,SYNID0103579993,652.0,C,2024-11-15
2411156441438317,SYNID0102285591,3104.78,C,2024-11-15
2411151774431216,SYNID0109773064,3405.13,C,2024-11-15
2411155667684780,SYNID0200957659,96338.97,C,2024-11-15
2411151411619310,SYNID0109421529,10377.32,C,2024-11-15
2411167357954744,SYNID0109008151,1452.23,C,2024-11-16
2411168815498410,SYNID0103491745,6991.94,C,2024-11-16
2411169091915373,SYNID0200639063,22267.93,C,2024-11-16
2411167753806982,SYNID0200552733,10441.98,D,2024-11-16
2411160862931363,SYNID0200552733,11447.41,C,2024-11-16
2411165471585405,SYNID0200639063,118.94,C,2024-11-16
2411162524935166,SYNID0200243065,661.77,D,2024-11-16
2411162979021050,SYNID0200032718,947212.4,D,2024-11-16
2411166956485722,SYNID0200202347,66182.07,C,2024-11-16
2411161785343418,SYNID0200639063,51783.82,D,2024-11-16
2411169093260539,SYNID0200154776,12065.07,C,2024-11-16
2411160509233261,SYNID0109895839,1549.51,D,2024-11-16
2411165683364884,SYNID0200155033,49063.26,C,2024-11-16
2411166397257955,SYNID0200032918,11526.5,C,2024-11-16
2411166034595208,SYNID0200917657,4979.91,D,2024-11-16
2411168044642524,SYNID0200640961,11748.39,C,2024-11-16
2411165784912508,SYNID0100951052,3221.76,C,2024-11-16
2411166316235818,SYNID0103180351,2831.77,D,2024-11-16
2411168645231015,SYNID0200642224,4748.39,D,2024-11-16
2411164219669028,SYNID0105128366,3064.71,C,2024-11-16
2411163614603768,SYNID0107809895,4914.83,C,2024-11-16
2411162312149014,SYNID0109200002,67556.34,C,2024-11-16
2411163647677179,SYNID0106491043,37003.78,C,2024-11-16
2411164638371120,SYNID0200917657,407.07,D,2024-11-16
2411168223266492,SYNID0104227665,321.67,C,2024-11-16
2411160343587923,SYNID0200917657,3259.88,D,2024-11-16
2411167279358200,SYNID0108827434,678.72,C,2024-11-16
2411167180615962,SYNID0200639063,2305.31,C,2024-11-16
2411162235424941,SYNID0200806649,315204.13,D,2024-11-16
2411165622202109,SYNID0200192167,6731.09,D,2024-11-16
2411160873587349,SYNID0101741720,4179.17,C,2024-11-16
2411163266286461,SYNID0200155033,57600.43,D,2024-11-16
2411160529724103,SYNID0200990800,18754.57,C,2024-11-16
2411167300446608,SYNID0101762076,337.26,C,2024-11-16
2411164330503798,SYNID0200096821,12760.65,C,2024-11-16
2411163027933148,SYNID0200706232,9229.91,D,2024-11-16
2411167496042612,SYNID0101011377,79862.75,C,2024-11-16
2411163057969513,SYNID0100249062,135.54,C,2024-11-16
2411160834208135,SYNID0104285471,3518.9,C,2024-11-16
2411164946518554,SYNID0103983894,97.57,C,2024-11-16
2411168165860175,SYNID0200795823,46628.16,C,2024-11-16
2411161090666740,SYNID0200961090,33093.66,C,2024-11-16
2411169482148267,SYNID0200521470,17379.84,D,2024-11-16
2411160312597996,SYNID0101122274,819.77,C,2024-11-16
2411164905177280,SYNID0200795823,53703.26,D,2024-11-16
2411162379942070,SYNID0200428876,11513.83,C,2024-11-16
2411166487137969,SYNID0200169482,277.7,C,2024-11-16
2411169359612226,SYNID0200361721,32923.55,D,2024-11-16
2411167615812503,SYNID0105400152,239.42,C,2024-11-16
2411166068841083,SYNID0200732287,77825.14,C,2024-11-16
2411164644034981,SYNID0200188183,19282.56,C,2024-11-16
2411165931020550,SYNID0102021155,379.66,C,2024-11-16
2411164640774732,SYNID0200280245,67565.7,C,2024-11-16
2411169192084357,SYNID0104147282,655.37,C,2024-11-16
2411164623730086,SYNID0106391752,118012.4,D,2024-11-16
2411179406093676,SYNID0200639063,7760.72,D,2024-11-17
2411177869146918,SYNID0200639911,11578.28,D,2024-11-17
2411170159728381,SYNID0103099103,2175.39,C,2024-11-17
2411173386693826,SYNID0200377301,272.32,C,2024-11-17
2411171559431226,SYNID0200917657,1052.92,D,2024-11-17
2411178862804599,SYNID0200917657,365.71,D,2024-11-17
2411172040032363,SYNID0200732287,10670.7,C,2024-11-17
2411176964797060,SYNID0109076264,171.02,C,2024-11-17
2411172847357712,SYNID0109100393,8622.62,C,2024-11-17
2411177347901350,SYNID0200744303,422273.3,C,2024-11-17
2411179510308521,SYNID0200555367,8782.87,D,2024-11-17
2411179253034898,SYNID0108895966,3176.79,D,2024-11-17
2411172385317459,SYNID0103087275,2332.86,C,2024-11-17
2411172865579683,SYNID0200957659,7315.92,C,2024-11-17
2411175040926401,SYNID0108297552,2248384.93,C,2024-11-17
2411179849516439,SYNID0200639063,390035.92,D,2024-11-17
2411175917761641,SYNID0105652840,413.79,C,2024-11-17
2411179618277658,SYNID0200841057,12261.36,C,2024-11-17
2411173069500706,SYNID0200224400,38432.51,C,2024-11-17
2411177779446410,SYNID0104709305,1290648.12,C,2024-11-17
2411171939802802,SYNID0200719853,282.52,C,2024-11-17
2411178944310473,SYNID0200491109,15014.77,C,2024-11-17
2411177113378028,SYNID0200639063,2841.38,C,2024-11-17
2411170872441370,SYNID0200939175,5800.7,D,2024-11-17
2411173201816536,SYNID0200096768,27.92,C,2024-11-17
2411177689553332,SYNID0200567030,262.31,C,2024-11-17
2411174637790458,SYNID0200567030,34675.06,C,2024-11-17
2411179750939971,SYNID0200639063,9540.58,D,2024-11-17
2411179702263379,SYNID0200045450,17331.37,C,2024-11-17
2411170480349640,SYNID0200045450,619160.26,C,2024-11-17
2411177828731183,SYNID0200020394,11610.53,C,2024-11-17
2411174381287757,SYNID0200549766,1060.58,C,2024-11-17
2411179071453050,SYNID0200917657,4564.96,D,2024-11-17
2411171809242316,SYNID0200443853,10923.76,C,2024-11-17
2411172618780635,SYNID0200567030,8261.51,C,2024-11-17
2411171874314699,SYNID0108665432,350.05,C,2024-11-17
2411172894285184,SYNID0200500850,46406.14,C,2024-11-17
2411172077174700,SYNID0200428569,4706.09,C,2024-11-17
2411174543489085,SYNID0200917657,718.88,D,2024-11-17
2411173261281080,SYNID0200523887,7877.76,C,2024-11-17
2411173191343774,SYNID0200639789,72435.37,C,2024-11-17
2411176765759907,SYNID0200188183,56025.46,C,2024-11-17
2411171039953717,SYNID0200806649,83531.33,D,2024-11-17
2411176659986777,SYNID0200961090,7169.98,C,2024-11-17
2411174003686579,SYNID0101959303,113.01,C,2024-11-17
2411171775622702,SYNID0103070426,2147.69,C,2024-11-17
2411173666613673,SYNID0200005824,273.75,C,2024-11-17
2411176991410169,SYNID0102790574,246.76,C,2024-11-17
2411170911644218,SYNID0200956622,33003.92,D,2024-11-17
2411172503424242,SYNID0200838627,3689.03,C,2024-11-17
2411176251278170,SYNID0200973678,9215.95,C,2024-11-17
2411178967576103,SYNID0200448205,3502.33,C,2024-11-17
2411177409568570,SYNID0200025229,54911.35,D,2024-11-17
2411171724387261,SYNID0104023781,5373.3,C,2024-11-17
2411174124340838,SYNID0200531195,68457.2,C,2024-11-17
2411170411919457,SYNID0101149828,8701.41,C,2024-11-17
2411173707004500,SYNID0108153913,1413.05,C,2024-11-17
2411178317423098,SYNID0101898186,4834.32,D,2024-11-17
2411177086563425,SYNID0109633879,11818.07,C,2024-11-17
2411175016908714,SYNID0200494373,11986.13,D,2024-11-17
2411177079972859,SYNID0106012458,91964.62,C,2024-11-17
2411174020331250,SYNID0200903625,108071.86,C,2024-11-17
2411171858440743,SYNID0104037098,8322.45,C,2024-11-17
2411171799417993,SYNID0105924462,953.03,C,2024-11-17
2411176745497224,SYNID0200494373,14319.85,C,2024-11-17
2411188665198290,SYNID0200127739,2983.83,C,2024-11-18
2411184542467545,SYNID0200719853,15645.03,C,2024-11-18
2411186379963837,SYNID0100146469,368.34,C,2024-11-18
2411184371716965,SYNID0101452404,1675.12,C,2024-11-18
2411181013386037,SYNID0108052570,2418.09,D,2024-11-18
2411187461119190,SYNID0200155033,13965.93,C,2024-11-18
2411180669964156,SYNID0104583503,565.9,C,2024-11-18
2411188275464418,SYNID0106907403,214445.95,D,2024-11-18
2411181452279905,SYNID0109129873,544.03,C,2024-11-18
2411188853021995,SYNID0105356230,9455.87,C,2024-11-18
2411185536096594,SYNID0106273226,6417.31,C,2024-11-18
2411188586567081,SYNID0200188183,19672.38,C,2024-11-18
2411185092005032,SYNID0105624869,6348.08,C,2024-11-18
2411187512611205,SYNID0106522184,2463.19,C,2024-11-18
2411187071179812,SYNID0108654878,161.75,C,2024-11-18
2411186294119040,SYNID0200917657,3016.59,D,2024-11-18
2411181261400581,SYNID0100625482,21449.02,C,2024-11-18
2411189149831562,SYNID0107028005,551.29,C,2024-11-18
2411181308826065,SYNID0200155033,52420.24,D,2024-11-18
2411182668622398,SYNID0200428876,71901.37,D,2024-11-18
2411182985451228,SYNID0105433226,5412.8,C,2024-11-18
2411181891777993,SYNID0200367458,26240.89,C,2024-11-18
2411183783366129,SYNID0200222868,5866.66,D,2024-11-18
2411182045192040,SYNID0200280209,35971.12,C,2024-11-18
2411181147147781,SYNID0100677804,23961.37,C,2024-11-18
2411189084634702,SYNID0200639063,24913.14,D,2024-11-18
2411180544903557,SYNID0107753276,1507.49,C,2024-11-18
2411188750772819,SYNID0200262883,98517.1,C,2024-11-18
2411186968087223,SYNID0200917657,3519.89,D,2024-11-18
2411188818109032,SYNID0200614177,113.9,C,2024-11-18
2411184423494610,SYNID0200528443,13839.0,D,2024-11-18
2411188166203684,SYNID0200917657,687.45,D,2024-11-18
2411180547985619,SYNID0200775121,3541.46,C,2024-11-18
2411181842492984,SYNID0200494373,13247.27,C,2024-11-18
2411183336265546,SYNID0200786688,7196.66,C,2024-11-18
2411182546830020,SYNID0200917657,862.64,D,2024-11-18
2411187789426871,SYNID0100270587,588.13,C,2024-11-18
2411184255039811,SYNID0101544246,36846.65,C,2024-11-18
2411188737982720,SYNID0200458593,15324.52,D,2024-11-18
2411187417826479,SYNID0103720179,352.0,C,2024-11-18
2411188888097056,SYNID0103163112,537.78,C,2024-11-18
2411180177561630,SYNID0107416875,738.14,C,2024-11-18
2411187556016723,SYNID0200354978,166776.79,D,2024-11-18
2411189401669243,SYNID0200772368,14158.84,C,2024-11-18
2411186096867404,SYNID0200372731,39624.51,D,2024-11-18
2411184313293025,SYNID0200568279,1098.16,D,2024-11-18
2411189245579430,SYNID0200379812,797.58,C,2024-11-18
2411189994936025,SYNID0200428876,1360.15,D,2024-11-18
2411187066960983,SYNID0200917657,1744.09,D,2024-11-18
2411189787887789,SYNID0200017800,100629.82,D,2024-11-18
2411183349891987,SYNID0103145370,6751.43,C,2024-11-18
2411188960092224,SYNID0107250446,20678.75,C,2024-11-18
2411187059932260,SYNID0102193695,298.7,C,2024-11-18
2411187539778340,SYNID0100068662,54.98,C,2024-11-18
2411188870139621,SYNID0100576971,361867.65,C,2024-11-18
2411182959078295,SYNID0101361349,47906.06,C,2024-11-18
2411184941013597,SYNID0102490473,27780.9,C,2024-11-18
2411187497513130,SYNID0105372285,12337.5,D,2024-11-18
2411181628798442,SYNID0106049320,142.69,C,2024-11-18
2411183713807117,SYNID0106318963,2391.69,C,2024-11-18
2411182721048847,SYNID0100806041,1625.47,C,2024-11-18
2411182306289269,SYNID0109737906,3099.8,C,2024-11-18
2411190787626572,SYNID0100397396,1715.6,C,2024-11-19
2411197009811971,SYNID0200494373,31030.34,C,2024-11-19
2411191362956548,SYNID0106027687,1740.62,D,2024-11-19
2411192436581085,SYNID0106152240,4573.84,C,2024-11-19
2411207617134636,SYNID0200642224,456898.75,D,2024-11-20
2411201704074637,SYNID0101564832,389.15,C,2024-11-20
2411207593812457,SYNID0109795030,60.84,C,2024-11-20
2411200826809384,SYNID0102832300,1847.85,D,2024-11-20
2411205257762998,SYNID0100485965,4434.35,D,2024-11-20
2411205173965749,SYNID0105411519,204631.84,D,2024-11-20
2411209933803431,SYNID0103685816,59.74,C,2024-11-20
2411206590039726,SYNID0102337682,21770.46,C,2024-11-20
2411200295969788,SYNID0200917657,6933.37,D,2024-11-20
2411202453687648,SYNID0107902263,1616.71,C,2024-11-20
2411205063250358,SYNID0109770365,3110.16,C,2024-11-20
2411203024584870,SYNID0106307622,1244.81,C,2024-11-20
2411207781511489,SYNID0200488915,56322.48,D,2024-11-20
2411203586270094,SYNID0100206336,5506.4,C,2024-11-20
2411211851684542,SYNID0200642224,494.45,C,2024-11-21
2411219897657685,SYNID0200838627,95672.2,C,2024-11-21
2411213743971319,SYNID0200838627,1135.83,C,2024-11-21
2411215168691151,SYNID0200388599,7971.8,C,2024-11-21
2411210008428261,SYNID0200674036,36107.87,C,2024-11-21
2411219633979177,SYNID0105624869,767.05,C,2024-11-21
2411218823663029,SYNID0104021081,1654.88,C,2024-11-21
2411219836998389,SYNID0103482772,4305.85,C,2024-11-21
2411214897130285,SYNID0100096758,12529.78,C,2024-11-21
2411215131276261,SYNID0200668154,672.2,C,2024-11-21
2411215195563038,SYNID0105320569,276.82,D,2024-11-21
2411216635367667,SYNID0101639406,302.17,C,2024-11-21
2411212902554508,SYNID0200712128,36482.81,C,2024-11-21
2411215005868057,SYNID0200488915,10219.87,C,2024-11-21
2411215278168863,SYNID0106807286,215433.6,D,2024-11-21
2411211043281325,SYNID0200834607,8243.06,C,2024-11-21
2411218400063372,SYNID0109426336,21386.71,C,2024-11-21
2411218046953427,SYNID0107853928,1016.32,C,2024-11-21
2411210813519485,SYNID0102971030,3583.53,C,2024-11-21
2411218172322956,SYNID0107405616,3841.04,C,2024-11-21
2411219936611678,SYNID0103579993,5377.05,C,2024-11-21
2411217827871576,SYNID0200639789,814857.04,C,2024-11-21
2411215408096523,SYNID0106843919,8596.11,C,2024-11-21
2411217281730606,SYNID0108748502,212770.13,D,2024-11-21
2411210387935194,SYNID0200903625,2312.32,C,2024-11-21
2411214239511619,SYNID0102381083,821.3,C,2024-11-21
2411215520379790,SYNID0106673390,3437.0,D,2024-11-21
2411210576766578,SYNID0200837172,71131.75,C,2024-11-21
2411210017585732,SYNID0107433326,1699.54,D,2024-11-21
2411215214477591,SYNID0200639063,10663.98,C,2024-11-21
2411219189470684,SYNID0200639063,5763.59,D,2024-11-21
2411216690278032,SYNID0105332010,34403.32,C,2024-11-21
2411213245239252,SYNID0200820993,5609.29,C,2024-11-21
2411219883144339,SYNID0105563117,2173.67,C,2024-11-21
2411211884554503,SYNID0200917325,7132.02,D,2024-11-21
2411218283776215,SYNID0105473204,30217.26,C,2024-11-21
2411210697539310,SYNID0200846351,75458.86,C,2024-11-21
2411219188291445,SYNID0101353427,1058.88,C,2024-11-21
2411219706746634,SYNID0100071621,7374.95,C,2024-11-21
2411214208931926,SYNID0107558670,1113.39,C,2024-11-21
2411216632696479,SYNID0102386693,327.25,C,2024-11-21
2411217003880048,SYNID0200172422,20383.5,C,2024-11-21
2411215086048449,SYNID0102660989,217.85,C,2024-11-21
2411218016075657,SYNID0200969737,55709.76,D,2024-11-21
2411219721098535,SYNID0103409132,2081.54,C,2024-11-21
2411219968634561,SYNID0200837172,156.16,C,2024-11-21
2411218755702691,SYNID0200844910,344679.24,C,2024-11-21
2411214999656079,SYNID0200362585,35474.26,C,2024-11-21
2411216111775731,SYNID0200324957,21428.0,D,2024-11-21
2411212158591666,SYNID0200691967,10018.34,C,2024-11-21
2411218477479567,SYNID0109169639,1053.21,C,2024-11-21
2411219729702671,SYNID0101564832,7764.79,C,2024-11-21
2411218254439757,SYNID0200918446,12395.7,C,2024-11-21
2411210912720581,SYNID0102417069,41662.33,C,2024-11-21
2411217454963101,SYNID0108931521,1400.05,C,2024-11-21
2411211903895183,SYNID0200801989,54596.11,D,2024-11-21
2411210490243095,SYNID0100160928,371.38,D,2024-11-21
2411215718100644,SYNID0109914698,1.03,C,2024-11-21
2411218837242063,SYNID0100590592,7668.08,C,2024-11-21
2411212637821272,SYNID0103409132,6141.68,C,2024-11-21
2411216050309963,SYNID0108640782,2019.25,C,2024-11-21
2411216121047101,SYNID0106259675,2322.65,C,2024-11-21
2411215233496001,SYNID0102556466,40.15,C,2024-11-21
2411217102513737,SYNID0200917657,62.9,D,2024-11-21
2411211303594144,SYNID0104304567,4351.31,C,2024-11-21
2411216917684255,SYNID0200917657,5856.26,D,2024-11-21
2411214439944855,SYNID0109868775,2643.27,C,2024-11-21
2411214517386031,SYNID0107556879,3443.66,C,2024-11-21
2411216376618803,SYNID0109752565,776.73,C,2024-11-21
2411213956574922,SYNID0200647571,656.97,C,2024-11-21
2411212289848583,SYNID0200917657,1731.55,D,2024-11-21
2411212373651510,SYNID0200917657,1471.9,D,2024-11-21
2411212922932359,SYNID0200917657,1770.45,D,2024-11-21
2411214395133334,SYNID0104018422,1543.88,C,2024-11-21
2411215971207535,SYNID0200046967,23786.91,D,2024-11-21
2411212401682829,SYNID0200428876,136155.37,D,2024-11-21
2411217449003712,SYNID0200717641,3338.66,C,2024-11-21
2411219483984325,SYNID0200428876,4144.97,D,2024-11-21
2411211329499719,SYNID0200578810,102847.73,C,2024-11-21
2411213097123974,SYNID0200626539,18568.31,C,2024-11-21
2411219509124220,SYNID0108586460,22003.07,C,2024-11-21
2411217285592206,SYNID0200117107,242.1,D,2024-11-21
2411215727309570,SYNID0107364375,911.78,C,2024-11-21
2411215728372289,SYNID0200917657,151.28,D,2024-11-21
2411216960049848,SYNID0101922463,999.67,C,2024-11-21
2411217637270567,SYNID0107202671,1062.64,C,2024-11-21
2411212177856778,SYNID0101026631,24346.29,C,2024-11-21
2411216074127369,SYNID0200170062,76018.94,D,2024-11-21
2411212375986030,SYNID0106808958,8203.16,C,2024-11-21
2411211471231347,SYNID0100502066,1796.32,C,2024-11-21
2411212857612240,SYNID0106302018,5880.0,C,2024-11-21
2411219615233195,SYNID0200697291,35006.32,C,2024-11-21
2411213061672945,SYNID0200697291,756.65,D,2024-11-21
2411212089945451,SYNID0200672090,4271.96,C,2024-11-21
2411211466844889,SYNID0200572854,47868.99,C,2024-11-21
2411213660136673,SYNID0101897108,10515.65,D,2024-11-21
2411218202654708,SYNID0200917657,630.19,D,2024-11-21
2411217177529642,SYNID0200045450,608.0,C,2024-11-21
2411213864672865,SYNID0103799145,12575.12,C,2024-11-21
2411213184231870,SYNID0200917657,1721.82,D,2024-11-21
2411212464372075,SYNID0200824352,7220.39,C,2024-11-21
2411217006792201,SYNID0107565891,43.41,D,2024-11-21
2411211940280092,SYNID0200170062,2263.04,D,2024-11-21
2411217284985485,SYNID0200152600,176254.52,C,2024-11-21
2411216988594134,SYNID0200917657,3515.94,D,2024-11-21
2411210158863233,SYNID0105177595,16507.16,C,2024-11-21
2411213153787173,SYNID0105142740,1238.01,C,2024-11-21
2411218370775379,SYNID0107863340,1046.45,C,2024-11-21
2411220633489240,SYNID0200500737,8626.04,D,2024-11-22
2411228117319359,SYNID0103399695,15545.9,C,2024-11-22
2411223287692080,SYNID0200483554,855.47,C,2024-11-22
2411221469243672,SYNID0108908279,180174.39,C,2024-11-22
2411228728678985,SYNID0200154776,1429.22,C,2024-11-22
2411222020986079,SYNID0200673561,21231.4,C,2024-11-22
2411225447939305,SYNID0200685212,11469.6,D,2024-11-22
2411223860997366,SYNID0200095593,1668.48,C,2024-11-22
2411227678423664,SYNID0109482978,1244.05,C,2024-11-22
2411223011518696,SYNID0200254293,3275.53,C,2024-11-22
2411227966500276,SYNID0200281055,26696.28,D,2024-11-22
2411220470294575,SYNID0109631382,2430.54,C,2024-11-22
2411226750070323,SYNID0200152600,49669.27,D,2024-11-22
2411226530440227,SYNID0200127739,825493.92,C,2024-11-22
2411221560722755,SYNID0200045450,16926.61,D,2024-11-22
2411228275633911,SYNID0101353427,4925.53,C,2024-11-22
2411223990654048,SYNID0102294807,2613.66,C,2024-11-22
2411224226333319,SYNID0200868799,7094.86,C,2024-11-22
2411224393714330,SYNID0200192167,10721.38,C,2024-11-22
2411226986123840,SYNID0108942458,3606.25,C,2024-11-22
2411228983289207,SYNID0108261317,2618.46,C,2024-11-22
2411228734305325,SYNID0200765906,31549.34,C,2024-11-22
2411227051161794,SYNID0200640961,3818.09,D,2024-11-22
2411226569851201,SYNID0200428876,7413.69,D,2024-11-22
2411228337432211,SYNID0103467208,5201.74,C,2024-11-22
2411224165574746,SYNID0200117107,10486.18,C,2024-11-22
2411220167334814,SYNID0105240174,1120.44,D,2024-11-22
2411221550656901,SYNID0200593154,244846.08,D,2024-11-22
2411227428620471,SYNID0200917657,417.35,D,2024-11-22
2411223697657052,SYNID0101105191,11996.77,C,2024-11-22
2411227368184476,SYNID0200917657,165.33,D,2024-11-22
2411221329623282,SYNID0200917657,6291.29,D,2024-11-22
2411220927802232,SYNID0200917657,404.16,D,2024-11-22
2411226902451314,SYNID0105457439,1538.13,C,2024-11-22
2411221672946841,SYNID0200568279,444891.16,C,2024-11-22
2411224255741267,SYNID0109111384,4895.18,C,2024-11-22
2411229490712777,SYNID0107002354,1352.07,C,2024-11-22
2411221005584351,SYNID0107982669,23440.41,D,2024-11-22
2411225286001573,SYNID0109989814,96116.46,D,2024-11-22
2411223759573902,SYNID0200488915,44426.95,D,2024-11-22
2411220943675653,SYNID0104523131,18340.34,C,2024-11-22
2411227585191549,SYNID0200917657,8751.7,D,2024-11-22
2411229601631811,SYNID0200917657,2851.72,D,2024-11-22
2411223868748289,SYNID0101105191,1862.84,C,2024-11-22
2411225717170886,SYNID0108238572,3273.96,C,2024-11-22
2411224906698725,SYNID0200639063,11200.61,C,2024-11-22
2411227354168307,SYNID0200567030,18866.48,D,2024-11-22
2411229294693415,SYNID0104130602,6305.38,D,2024-11-22
2411221070822832,SYNID0200961090,2659.53,C,2024-11-22
2411222094045846,SYNID0106850334,5178.39,C,2024-11-22
2411227204861268,SYNID0200965810,1733.06,D,2024-11-22
2411228361750209,SYNID0200917657,3574.66,D,2024-11-22
2411224458939502,SYNID0104960761,3562.24,C,2024-11-22
2411228418394348,SYNID0200917657,1685.2,D,2024-11-22
2411223950585345,SYNID0105727017,3701.71,C,2024-11-22
2411224246121000,SYNID0200567030,303617.71,C,2024-11-22
2411223716196472,SYNID0100246991,315.02,C,2024-11-22
2411227169206615,SYNID0200917657,817.01,D,2024-11-22
2411234188173613,SYNID0103585257,11967.96,C,2024-11-23
2411230598225616,SYNID0108617441,309.73,D,2024-11-23
2411239249006917,SYNID0200127739,9852.06,C,2024-11-23
2411233347778731,SYNID0106907403,311.3,D,2024-11-23
2411233669262467,SYNID0104305759,8331.84,D,2024-11-23
2411234015701227,SYNID0108566202,27271.63,C,2024-11-23
2411234132183410,SYNID0100987266,1518.28,D,2024-11-23
2411230261066993,SYNID0103287506,46841.48,C,2024-11-23
2411230085379892,SYNID0107775186,1901.47,D,2024-11-23
2411233058413959,SYNID0104150009,14364.0,D,2024-11-23
2411237236052156,SYNID0200058698,20804.14,D,2024-11-23
2411238326353184,SYNID0200007635,26610.36,C,2024-11-23
2411235825574941,SYNID0105341096,18611.57,C,2024-11-23
2411236647653426,SYNID0105548347,22813.84,C,2024-11-23
2411235057944857,SYNID0106101072,240924.07,D,2024-11-23
2411233153543063,SYNID0104125413,13589.76,C,2024-11-23
2411230526740594,SYNID0102962541,970.09,C,2024-11-23
2411231870670146,SYNID0103597745,975.56,C,2024-11-23
2411234796130673,SYNID0106578062,30378.22,C,2024-11-23
2411232647297222,SYNID0106107472,12468.69,C,2024-11-23
2411234796075218,SYNID0200023676,5573.33,C,2024-11-23
2411235424586114,SYNID0200428876,10684.71,C,2024-11-23
2411236592739523,SYNID0200785989,14623.67,D,2024-11-23
2411232812845135,SYNID0104617848,314568.21,C,2024-11-23
2411238162727056,SYNID0200868799,9895.73,C,2024-11-23
2411236514452275,SYNID0200806649,17508.36,D,2024-11-23
2411238590445685,SYNID0105756256,1110.26,C,2024-11-23
2411235184781672,SYNID0200521470,11575.97,D,2024-11-23
2411231386112137,SYNID0101641713,1381.81,C,2024-11-23
2411232578929696,SYNID0106581856,3597.01,D,2024-11-23
2411237068453193,SYNID0200428876,51081.37,D,2024-11-23
2411234106469609,SYNID0200685212,50.66,C,2024-11-23
2411234478813452,SYNID0100264783,327.63,C,2024-11-23
2411236804919474,SYNID0200639063,14250.5,C,2024-11-23
2411238215571745,SYNID0106230182,350.47,C,2024-11-23
2411231180475437,SYNID0200262883,28593.22,C,2024-11-23
2411233651270315,SYNID0200262883,14068.13,C,2024-11-23
2411231878768250,SYNID0101420719,28103.59,D,2024-11-23
2411239324322178,SYNID0200483554,21591.74,C,2024-11-23
2411231897252451,SYNID0109548548,666.58,C,2024-11-23
2411237582648934,SYNID0200494373,12526.32,C,2024-11-23
2411237983484727,SYNID0200639063,15202.79,C,2024-11-23
2411236826226508,SYNID0100315248,5007.64,D,2024-11-23
2411232022983362,SYNID0103850995,14841.52,D,2024-11-23
2411232946988991,SYNID0200037052,862.03,D,2024-11-23
2411231214012609,SYNID0200037052,45772.59,C,2024-11-23
2411232751405890,SYNID0102021155,2045.06,C,2024-11-23
2411234372404353,SYNID0107851396,7438.42,C,2024-11-23
2411236363260178,SYNID0105775034,6585.34,C,2024-11-23
2411239717865739,SYNID0200639063,3500.08,D,2024-11-23
2411231722594440,SYNID0200567030,3587.76,C,2024-11-23
2411232817907984,SYNID0101454094,8826.52,D,2024-11-23
2411235603796935,SYNID0109320157,2819.43,C,2024-11-23
2411232631016602,SYNID0200917657,2152.54,D,2024-11-23
2411237901749807,SYNID0200917657,7043.61,D,2024-11-23
2411230650875414,SYNID0200096768,125.94,C,2024-11-23
2411231867339303,SYNID0200640961,25986.95,C,2024-11-23
2411232523389635,SYNID0100515757,7054.39,D,2024-11-23
2411236046965027,SYNID0200639063,10510.22,D,2024-11-23
2411239170943007,SYNID0200408886,13758.6,C,2024-11-23
2411234276656208,SYNID0106455949,3165.12,C,2024-11-23
2411232679847136,SYNID0105976167,47520.2,C,2024-11-23
2411230704188792,SYNID0200939175,1213.51,C,2024-11-23
2411230836344641,SYNID0200683183,1837.7,D,2024-11-23
2411236203939792,SYNID0105433263,34688.79,C,2024-11-23
2411232233002940,SYNID0200917657,3552.85,D,2024-11-23
2411232765730700,SYNID0109114254,11912.18,C,2024-11-23
2411240815616230,SYNID0107789398,910161.46,C,2024-11-24
2411248479882894,SYNID0200840577,2528.26,D,2024-11-24
2411243703386157,SYNID0107405616,10803.29,C,2024-11-24
2411247935675730,SYNID0200791566,2988.93,D,2024-11-24
2411241536100828,SYNID0200917657,613.29,D,2024-11-24
2411245121412429,SYNID0200174977,17926.71,C,2024-11-24
2411241306788109,SYNID0104889603,54.28,C,2024-11-24
2411245157269449,SYNID0108296875,2643.08,C,2024-11-24
2411241044476372,SYNID0100426118,4295.63,C,2024-11-24
2411242924017203,SYNID0106282109,104.98,C,2024-11-24
2411246596094824,SYNID0200621856,7623.94,C,2024-11-24
2411249501450095,SYNID0200154776,492.75,D,2024-11-24
2411242640035055,SYNID0200917657,2748.08,D,2024-11-24
2411243942903955,SYNID0200170062,54342.64,C,2024-11-24
2411240245702154,SYNID0200917657,792.28,D,2024-11-24
2411246519721850,SYNID0108931521,251576.97,D,2024-11-24
2411249493127300,SYNID0104020238,2570.36,C,2024-11-24
2411246552646386,SYNID0200639063,6350.64,C,2024-11-24
2411242805134667,SYNID0104395732,7167.9,C,2024-11-24
2411243584110753,SYNID0200639063,43572.06,D,2024-11-24
2411248914958201,SYNID0200885757,29638.82,C,2024-11-24
2411249381727139,SYNID0100243983,1545.22,D,2024-11-24
2411248838213274,SYNID0200192167,15650.4,D,2024-11-24
2411240875198502,SYNID0107704602,679.39,C,2024-11-24
2411243422626287,SYNID0200262810,394.27,C,2024-11-24
2411241723121692,SYNID0108770535,50.54,C,2024-11-24
2411240499045073,SYNID0104181118,192.67,C,2024-11-24
2411242093049077,SYNID0108999339,4646.56,C,2024-11-24
2411248767245357,SYNID0200680099,10927.17,C,2024-11-24
2411252844129155,SYNID0200744303,48694.36,D,2024-11-25
2411259514448697,SYNID0104954398,34771.99,C,2024-11-25
2411253691700705,SYNID0200464705,993.53,D,2024-11-25
2411250085945300,SYNID0105004160,402.02,C,2024-11-25
2411250355001014,SYNID0102600413,2087.88,C,2024-11-25
2411252771875228,SYNID0107173210,20588.23,D,2024-11-25
2411258409760855,SYNID0200635229,52441.65,D,2024-11-25
2411257321371686,SYNID0200936418,211866.4,C,2024-11-25
2411258060523429,SYNID0200440091,7318.98,D,2024-11-25
2411259773713850,SYNID0200917657,244.55,D,2024-11-25
2411259932982342,SYNID0100714451,4735.72,C,2024-11-25
2411259272177411,SYNID0100264783,1364.09,C,2024-11-25
2411250422584781,SYNID0200106833,357.11,D,2024-11-25
2411250035908424,SYNID0100714451,27519.26,C,2024-11-25
2411259548021624,SYNID0109770365,21202.82,C,2024-11-25
2411252046337311,SYNID0109320157,1417.22,C,2024-11-25
2411250483096511,SYNID0108617114,2759.93,C,2024-11-25
2411257392673413,SYNID0200917657,828.71,D,2024-11-25
2411252840231665,SYNID0200917657,5776.8,D,2024-11-25
2411253841390675,SYNID0106407924,13004.61,D,2024-11-25
2411256328697791,SYNID0106932899,16153.59,C,2024-11-25
2411251287979951,SYNID0200917657,3329.92,D,2024-11-25
2411259115561817,SYNID0100088611,2661.72,C,2024-11-25
2411251805136028,SYNID0108687525,5209.41,C,2024-11-25
2411258173224966,SYNID0200917657,2646.5,D,2024-11-25
2411251689060382,SYNID0104150009,48117.43,C,2024-11-25
2411259959591616,SYNID0200248965,2549.36,D,2024-11-25
2411252621886243,SYNID0200706795,204478.47,C,2024-11-25
2411259247450275,SYNID0200334610,28591.02,D,2024-11-25
2411250647362551,SYNID0200917657,713.1,D,2024-11-25
2411250772662752,SYNID0105968755,3841.13,C,2024-11-25
2411252039217523,SYNID0200155033,17481.43,C,2024-11-25
2411258991696586,SYNID0200155033,39963.61,D,2024-11-25
2411257238605838,SYNID0103595199,1412.27,D,2024-11-25
2411257722385185,SYNID0102964849,18967.7,D,2024-11-25
2411253144667072,SYNID0200108752,3534.68,D,2024-11-25
2411254297429450,SYNID0200818631,1081.79,D,2024-11-25
2411255949280800,SYNID0200108752,10988.36,D,2024-11-25
2411259808469042,SYNID0109259823,10638.89,D,2024-11-25
2411259915014065,SYNID0200917657,81.06,D,2024-11-25
2411254957162474,SYNID0200832583,28399.29,D,2024-11-25
2411258884557764,SYNID0200521470,1467.61,D,2024-11-25
2411254547918084,SYNID0109817928,2908.89,C,2024-11-25
2411258086632485,SYNID0200521470,3606.1,D,2024-11-25
2411255901757539,SYNID0103593111,5388.89,C,2024-11-25
2411250449348314,SYNID0200917657,2543.11,D,2024-11-25
2411250364872053,SYNID0103099103,3708.17,C,2024-11-25
2411257624149769,SYNID0108883110,1284.34,C,2024-11-25
2411252168678927,SYNID0200117193,833.22,D,2024-11-25
2411251127485651,SYNID0200917657,41.52,D,2024-11-25
2411254316922859,SYNID0108169762,178.04,C,2024-11-25
2411258902675598,SYNID0200991900,25258.21,C,2024-11-25
2411253380266813,SYNID0102600413,28863.38,C,2024-11-25
2411257695330794,SYNID0109162330,10241.51,C,2024-11-25
2411259550865662,SYNID0104226780,11617.99,C,2024-11-25
2411255177868096,SYNID0105818471,2006.02,C,2024-11-25
2411250270141705,SYNID0109314944,2085.32,C,2024-11-25
2411257791384080,SYNID0102750245,506.1,C,2024-11-25
2411252258266176,SYNID0200514840,27648.42,D,2024-11-25
2411252680676229,SYNID0200868532,8571.62,C,2024-11-25
2411256840850064,SYNID0200567030,7314.87,D,2024-11-25
2411258201385484,SYNID0200779733,14217.01,D,2024-11-25
2411250206979859,SYNID0200834607,2563.78,D,2024-11-25
2411254171953169,SYNID0200381116,2884.21,D,2024-11-25
2411253198796901,SYNID0108353065,1805.5,C,2024-11-25
2411250944482502,SYNID0104291648,7090.61,C,2024-11-25
2411259522006741,SYNID0107887721,1472.54,C,2024-11-25
2411250774039266,SYNID0101820104,6018.31,C,2024-11-25
2411269038877703,SYNID0102790574,1566.19,C,2024-11-26
2411269871585903,SYNID0109544038,26383.38,C,2024-11-26
2411269078260636,SYNID0200639063,326569.77,C,2024-11-26
2411264899670844,SYNID0106259675,10159.15,D,2024-11-26
2411261362475154,SYNID0105340161,2134.15,C,2024-11-26
2411260695479131,SYNID0104940989,1453.82,D,2024-11-26
2411264968743653,SYNID0104572661,9506.87,C,2024-11-26
2411265517678613,SYNID0107340625,250164.8,D,2024-11-26
2411260394731284,SYNID0109143049,3559.52,C,2024-11-26
2411268740650970,SYNID0109871361,36435.58,D,2024-11-26
2411262636315396,SYNID0107411415,26251.49,D,2024-11-26
2411262941395650,SYNID0200013494,12898.73,C,2024-11-26
2411262381712265,SYNID0104634327,1469.62,C,2024-11-26
2411267590225504,SYNID0200917657,2394.26,D,2024-11-26
2411262087550898,SYNID0104815928,4142.45,D,2024-11-26
2411272218612604,SYNID0100682942,1177.5,C,2024-11-27
2411279362021268,SYNID0104844487,390.97,C,2024-11-27
2411277913097042,SYNID0108533644,106.5,C,2024-11-27
2411277113299159,SYNID0100590592,31284.14,C,2024-11-27
2411277523031030,SYNID0105868876,20506.13,C,2024-11-27
2411274485201194,SYNID0200639063,476.62,C,2024-11-27
2411278461572937,SYNID0105890772,755.98,C,2024-11-27
2411272766361016,SYNID0103295040,5622.54,C,2024-11-27
2411279685628667,SYNID0200221860,45134.1,D,2024-11-27
2411278760029457,SYNID0200917657,6111.77,D,2024-11-27
2411276680085481,SYNID0107704345,5624.76,C,2024-11-27
2411279112720067,SYNID0200639724,82316.0,C,2024-11-27
2411278058656129,SYNID0100088611,19434.45,D,2024-11-27
2411278762399812,SYNID0102040302,118.31,C,2024-11-27
2411281682702823,SYNID0200917657,1131.74,D,2024-11-28
2411289323351773,SYNID0105725907,2053.6,C,2024-11-28
2411280874997564,SYNID0200642008,3412.03,D,2024-11-28
2411281148998723,SYNID0200924084,31357.75,C,2024-11-28
2411281987330286,SYNID0200740837,2202.98,C,2024-11-28
2411286049087296,SYNID0200127739,25132.97,C,2024-11-28
2411287990133304,SYNID0105986521,1617.01,C,2024-11-28
2411281405918381,SYNID0103926908,1710.83,C,2024-11-28
2411285223226284,SYNID0104793363,3943.43,C,2024-11-28
2411287312488579,SYNID0105924462,258.75,C,2024-11-28
2411281327826505,SYNID0200813045,44098.8,C,2024-11-28
2411286032985813,SYNID0200025229,105550.88,D,2024-11-28
2411289885216133,SYNID0200917657,1585.72,D,2024-11-28
2411285961815965,SYNID0200567030,9268.62,C,2024-11-28
2411288269007388,SYNID0101054366,1398.33,D,2024-11-28
2411286907078015,SYNID0200917657,659.95,D,2024-11-28
2411286098137027,SYNID0200917657,4886.96,D,2024-11-28
2411288827381406,SYNID0106923583,742.6,C,2024-11-28
2411288013421896,SYNID0200917657,3645.16,D,2024-11-28
2411280502432203,SYNID0200262883,48083.27,C,2024-11-28
2411289011590732,SYNID0107891767,7269.06,C,2024-11-28
2411289275855226,SYNID0200639063,11046.29,C,2024-11-28
2411280192464407,SYNID0200917657,3867.24,D,2024-11-28
2411282836535451,SYNID0107440689,10575.08,D,2024-11-28
2411281160377210,SYNID0105773882,1618.21,C,2024-11-28
2411286586202557,SYNID0103242278,18888.52,D,2024-11-28
2411286141354767,SYNID0200500850,2679.61,D,2024-11-28
2411282422945931,SYNID0108665702,20522.56,D,2024-11-28
2411289419370705,SYNID0200531195,3406.1,D,2024-11-28
2411289471892006,SYNID0200017800,7099.83,C,2024-11-28
2411285084525315,SYNID0200634431,2012.31,C,2024-11-28
2411289245906160,SYNID0103139898,370.04,C,2024-11-28
2411284751418372,SYNID0100436534,7626.16,C,2024-11-28
2411284674747225,SYNID0200639789,2749.07,D,2024-11-28
2411283425732018,SYNID0105372285,3221.3,C,2024-11-28
2411289619849222,SYNID0200440438,10902.28,D,2024-11-28
2411283065728094,SYNID0200917657,4394.55,D,2024-11-28
2411281703355668,SYNID0200639063,36207.66,D,2024-11-28
2411289009694281,SYNID0200917657,173.43,D,2024-11-28
2411281857018302,SYNID0200555367,16885.15,C,2024-11-28
2411284099684711,SYNID0200834867,3309.12,D,2024-11-28
2411282379881519,SYNID0106303430,604.09,C,2024-11-28
2411288929941555,SYNID0101234011,1050.73,C,2024-11-28
2411285378639809,SYNID0107330780,20239.46,C,2024-11-28
2411285047653378,SYNID0107464935,13383.46,C,2024-11-28
2411283823638231,SYNID0200744055,2339.61,D,2024-11-28
2411286256176865,SYNID0106719231,10271.92,D,2024-11-28
2411284333545634,SYNID0200917657,3422.17,D,2024-11-28
2411287358501444,SYNID0200917657,3344.85,D,2024-11-28
2411289289380968,SYNID0109100393,1360.95,C,2024-11-28
2411282456416119,SYNID0200706232,1156.44,C,2024-11-28
2411285238534639,SYNID0200917657,1763.39,D,2024-11-28
2411289843208881,SYNID0200020394,6466792.9,C,2024-11-28
2411281185846027,SYNID0103903652,2138.39,C,2024-11-28
2411289015565803,SYNID0200917657,784.16,D,2024-11-28
2411287552419135,SYNID0109601874,9292.25,C,2024-11-28
2411287450121075,SYNID0102303661,5192.97,C,2024-11-28
2411285448193977,SYNID0100543636,3174.62,C,2024-11-28
2411288249471689,SYNID0200537412,81126.28,D,2024-11-28
2411286349124747,SYNID0105364046,3409.89,C,2024-11-28
2411286536481622,SYNID0200263267,3986.48,C,2024-11-28
2411282791648768,SYNID0101860205,7431.25,C,2024-11-28
2411285023720019,SYNID0200045450,426899.93,C,2024-11-28
2411285773050296,SYNID0200152600,1687.25,D,2024-11-28
2411285446295583,SYNID0109641757,4565.46,D,2024-11-28
2411283325208196,SYNID0200263267,4005.96,D,2024-11-28
2411287770938785,SYNID0102718219,104662.08,D,2024-11-28
2411286039731861,SYNID0200192167,3349.96,D,2024-11-28
2411280745583755,SYNID0200917657,3540.82,D,2024-11-28
2411286466245699,SYNID0109886602,553.15,C,2024-11-28
2411283310889826,SYNID0200917657,3520.99,D,2024-11-28
2411282391864826,SYNID0104534702,10256.29,C,2024-11-28
2411281226387193,SYNID0200917657,13706.5,D,2024-11-28
2411285863127389,SYNID0200917657,1437.45,D,2024-11-28
2411289760958329,SYNID0200672090,38460.24,C,2024-11-28
2411282218609742,SYNID0104222111,3773.51,C,2024-11-28
2411282267816134,SYNID0100728967,8434.42,C,2024-11-28
2411286132429111,SYNID0106436314,15919.22,D,2024-11-28
2411284702270326,SYNID0103753080,11988.05,C,2024-11-28
2411288523984461,SYNID0101402777,1708.51,C,2024-11-28
2411298322054944,SYNID0100476527,1563.15,C,2024-11-29
2411292530594771,SYNID0200985313,4887.96,D,2024-11-29
2411295613194726,SYNID0109405298,10241.92,C,2024-11-29
2411291700744093,SYNID0105570325,3382.03,C,2024-11-29
2411290570208195,SYNID0108558587,2058.46,C,2024-11-29
2411298652108273,SYNID0100264783,222.41,D,2024-11-29
2411295324198748,SYNID0106101315,2489.07,C,2024-11-29
2411296978087890,SYNID0200846351,63153.19,D,2024-11-29
2411293878044616,SYNID0106176210,1333.48,C,2024-11-29
2411296060491728,SYNID0200917657,2145.21,D,2024-11-29
2411296698786227,SYNID0107311401,226.84,D,2024-11-29
2411296625119920,SYNID0200917657,1751.27,D,2024-11-29
2411299150733083,SYNID0105968755,778.11,C,2024-11-29
2411295478492621,SYNID0107394521,242.94,D,2024-11-29
2411299641306231,SYNID0100166682,52969.15,C,2024-11-29
2411296519985834,SYNID0107340625,6686.56,C,2024-11-29
2411298528054887,SYNID0109162330,3124.1,C,2024-11-29
2411292910831603,SYNID0104521391,8418.2,C,2024-11-29
2411291950034130,SYNID0200917657,2124.44,D,2024-11-29
2411295691370118,SYNID0200868532,3746.55,C,2024-11-29
2411299947045885,SYNID0101582200,1021.09,D,2024-11-29
2411291549587138,SYNID0101855125,22743.71,D,2024-11-29
2411298432720109,SYNID0106901226,4356.5,C,2024-11-29
2411293244240998,SYNID0200917657,2796.72,D,2024-11-29
2411294328040880,SYNID0101686590,128.63,C,2024-11-29
2411294121299879,SYNID0100161858,278.82,C,2024-11-29
2411290597845204,SYNID0103850912,498.93,D,2024-11-29
2411298583704355,SYNID0103113809,12499.96,C,2024-11-29
2411296025174959,SYNID0102162420,2985.82,C,2024-11-29
2411291631216630,SYNID0200744303,10622.92,C,2024-11-29
2411298895688470,SYNID0105635317,12656.85,C,2024-11-29
2411295583656157,SYNID0106081212,25883.82,C,2024-11-29
2411291103843644,SYNID0109737906,9985.33,D,2024-11-29
2411297794498720,SYNID0100348943,578.41,C,2024-11-29
2411296876110384,SYNID0108655875,26577.26,D,2024-11-29
2411293992892927,SYNID0103139898,120.96,C,2024-11-29
2411292958717103,SYNID0105354630,1236.83,D,2024-11-29
2411296405348680,SYNID0104150009,265646.96,D,2024-11-29
2411295253097815,SYNID0108484398,19281.43,C,2024-11-29
2411292705302001,SYNID0200917657,911.22,D,2024-11-29
2411299003335292,SYNID0107014623,219.05,C,2024-11-29
2411293126056326,SYNID0200341758,58833.6,C,2024-11-29
2411295781871472,SYNID0103074228,2122.5,C,2024-11-29
2411290881275525,SYNID0101094847,655.83,C,2024-11-29
2411296961785622,SYNID0107074126,529.03,C,2024-11-29
2411294358888192,SYNID0200512824,1152.51,C,2024-11-29
2411298234206278,SYNID0200917657,3852.06,D,2024-11-29
2411294565925825,SYNID0105004160,2035.97,C,2024-11-29
2411297912207361,SYNID0102526614,20316.0,C,2024-11-29
2411297328352646,SYNID0103002167,5701.14,C,2024-11-29
2411298045712075,SYNID0107028005,4462.93,C,2024-11-29
2411293964824567,SYNID0105499674,487.03,C,2024-11-29
2411297533583466,SYNID0106601719,7215.0,C,2024-11-29
2411296773895472,SYNID0107796185,4147.27,C,2024-11-29
2411298346299232,SYNID0200674036,5482.45,C,2024-11-29
2411294142337385,SYNID0101454094,706.86,C,2024-11-29
2411294972269232,SYNID0109781792,293.73,C,2024-11-29
2411294813713796,SYNID0104638375,6459.84,C,2024-11-29
2411299973642847,SYNID0105868876,1428.31,D,2024-11-29
2411297601736342,SYNID0200117193,2270379.12,C,2024-11-29
2411292126203793,SYNID0104994069,6143.95,C,2024-11-29
2411299069175886,SYNID0200917657,1551.71,D,2024-11-29
2411295012253578,SYNID0107755569,10737.33,C,2024-11-29
2411290848013004,SYNID0109105449,3176.54,C,2024-11-29
2411297987689695,SYNID0106218445,3050.64,D,2024-11-29
2411299375473969,SYNID0106124641,11650.34,C,2024-11-29
2411291510540709,SYNID0200917657,10379.61,D,2024-11-29
2411298843228322,SYNID0100458116,8675.89,C,2024-11-29
2411299321316089,SYNID0106311830,19995.07,C,2024-11-29
2411295525132477,SYNID0200243065,2460.58,D,2024-11-29
2411296414399555,SYNID0109421529,908.0,C,2024-11-29
2411292287563956,SYNID0200521470,25270.93,D,2024-11-29
2411298309775205,SYNID0200639063,1183.45,C,2024-11-29
2411292000669128,SYNID0200500737,34586.64,D,2024-11-29
2411290049425650,SYNID0107837267,13838.08,D,2024-11-29
2411294903642398,SYNID0100019645,3688.34,C,2024-11-29
2411296705924415,SYNID0108740868,2733.13,C,2024-11-29
2411297478630231,SYNID0109507183,1067.21,C,2024-11-29
2411294926301717,SYNID0100210718,394.17,D,2024-11-29
2411297557343426,SYNID0105585376,8185.01,C,2024-11-29
2411295951062238,SYNID0101083812,18171.81,C,2024-11-29
2411296744917811,SYNID0108208274,5531.53,C,2024-11-29
2411297894052701,SYNID0106520865,4094.48,C,2024-11-29
2411294261277496,SYNID0200917657,657.45,D,2024-11-29
2411294260087912,SYNID0200117193,55.72,C,2024-11-29
2411292870036893,SYNID0100340251,1405.3,C,2024-11-29
2411296890239432,SYNID0104960761,1063.35,C,2024-11-29
2411291384620693,SYNID0100733398,22629.89,C,2024-11-29
2411292776555613,SYNID0200917657,3367.02,D,2024-11-29
2411297754441404,SYNID0104537547,1017.39,C,2024-11-29
2411299110759509,SYNID0200917657,2246.98,D,2024-11-29
2411296317039196,SYNID0200170062,36387.04,C,2024-11-29
2411309537389968,SYNID0106107472,4292.78,C,2024-11-30
2411305480932649,SYNID0200917657,2756.75,D,2024-11-30
2411303657212754,SYNID0200706232,195.71,C,2024-11-30
2411307898509004,SYNID0200845936,72722.67,D,2024-11-30
2411309288595762,SYNID0200917657,1994.6,D,2024-11-30
2411305306340468,SYNID0106756650,21840.41,C,2024-11-30
2411308005320295,SYNID0200396136,6980.83,C,2024-11-30
2411305579665303,SYNID0200835320,89347.21,C,2024-11-30
2411306930046607,SYNID0200037052,658.47,D,2024-11-30
2411309494735506,SYNID0200917657,3504.09,D,2024-11-30
2411309831605277,SYNID0200522327,896.61,C,2024-11-30
2411300057494489,SYNID0200045450,7231.46,C,2024-11-30
2411309179931025,SYNID0200440438,8264.95,C,2024-11-30
2411303821503657,SYNID0106881182,12168.36,D,2024-11-30
2411303819058569,SYNID0100236898,80618.67,C,2024-11-30
2411300733310660,SYNID0109871361,5936.67,C,2024-11-30
2411300197741310,SYNID0106581856,1692.86,C,2024-11-30
2411304284199690,SYNID0200101124,12127.26,D,2024-11-30
2411302473359438,SYNID0200665105,82854.56,C,2024-11-30
2411309967736770,SYNID0200538437,2802.32,D,2024-11-30
2411302212861932,SYNID0108036747,2524.94,C,2024-11-30
2411300686148968,SYNID0200567030,1744.99,D,2024-11-30
2411301408447512,SYNID0107202671,3906.32,C,2024-11-30
2411307057068989,SYNID0200567030,25393.56,D,2024-11-30
2411309604620639,SYNID0105496670,13095.9,D,2024-11-30
2411300227061194,SYNID0105574127,1662.1,D,2024-11-30
2411300180327968,SYNID0200206399,761.83,D,2024-11-30
2411300768654827,SYNID0109087042,7190.25,C,2024-11-30
2411307648513829,SYNID0200315027,9758.7,D,2024-11-30
2411304908737517,SYNID0200567030,258.87,C,2024-11-30
2411309326928656,SYNID0200791830,10588.37,D,2024-11-30
2411302116359768,SYNID0108262652,15143.67,D,2024-11-30
2411306895221221,SYNID0200428876,490.9,C,2024-11-30
2411303927290094,SYNID0200006871,27613.87,C,2024-11-30
2411305806457588,SYNID0200950065,691.24,C,2024-11-30
2411304092450485,SYNID0200917657,1087.63,D,2024-11-30
2411300547200976,SYNID0200521470,1237.58,D,2024-11-30
2411309472067178,SYNID0200192167,107040.05,D,2024-11-30
2411307207392077,SYNID0100709637,235.57,D,2024-11-30
2411300923367300,SYNID0200917657,949.03,D,2024-11-30
2411307852423705,SYNID0200568279,5794.62,D,2024-11-30
2411300279255993,SYNID0200432742,1807.0,D,2024-11-30
2411306528918423,SYNID0200917657,1755.6,D,2024-11-30
2411301867203497,SYNID0200917657,4353.58,D,2024-11-30
2411306634343859,SYNID0200868532,61549.35,D,2024-11-30
2411303168839797,SYNID0100786864,1451.2,C,2024-11-30
2411302865856514,SYNID0200243065,457080.71,D,2024-11-30
2411305374708008,SYNID0102208896,328183.92,C,2024-11-30
2411302957735425,SYNID0106825796,4309.1,C,2024-11-30
2411303034959041,SYNID0109162330,3770.64,C,2024-11-30
2411307473359414,SYNID0102682399,259.08,C,2024-11-30
2411304371460792,SYNID0107645064,12823.32,D,2024-11-30
2411302316184196,SYNID0104793363,16048.42,C,2024-11-30
2411304135806947,SYNID0200095593,1360.15,D,2024-11-30
2411302578763008,SYNID0109814264,464.83,D,2024-11-30
2411300312983166,SYNID0108473973,6218.92,D,2024-11-30
2411304465216871,SYNID0200453886,22549.17,D,2024-11-30
2411306909464722,SYNID0101774947,5572.42,C,2024-11-30
2411304155000562,SYNID0200640961,7936.66,C,2024-11-30
2411309005994421,SYNID0200673561,6581.39,C,2024-11-30
2411300276169885,SYNID0105354630,15725.9,D,2024-11-30
2411308068449342,SYNID0200917657,2770.51,D,2024-11-30
2411309062714691,SYNID0105622058,3604.34,C,2024-11-30
2411307890252424,SYNID0108145877,4487.14,D,2024-11-30
2411303008139285,SYNID0101257898,930.43,D,2024-11-30
2411300083007498,SYNID0200917657,5573.94,D,2024-11-30
2411303007614998,SYNID0107999401,2955.6,C,2024-11-30
2411309363764753,SYNID0200428876,76183.94,D,2024-11-30
2411302073430351,SYNID0200861773,26735.58,C,2024-11-30
2411301265038728,SYNID0104523131,94293.14,D,2024-11-30
2411301024738553,SYNID0200363017,12284.13,D,2024-11-30
2411303209425110,SYNID0200381116,32404.22,D,2024-11-30
2411307417474947,SYNID0109270845,5593.62,C,2024-11-30
2411307770047421,SYNID0105729937,3774.0,C,2024-11-30
2411305005654733,SYNID0107369002,18944.09,C,2024-11-30
2411307809701942,SYNID0200791566,11817.61,C,2024-11-30
2411301342024124,SYNID0200062723,685.68,D,2024-11-30
2411309111985066,SYNID0102907131,105.46,C,2024-11-30
2411301997028748,SYNID0200639063,1498.12,D,2024-11-30
2412010911101356,SYNID0100340251,1444.65,C,2024-12-01
2412014645581189,SYNID0200945327,248.08,C,2024-12-01
2412012434651275,SYNID0103387344,1425.94,D,2024-12-01
2412011033551803,SYNID0200032850,8507.31,C,2024-12-01
2412018090765846,SYNID0102673769,84741.33,D,2024-12-01
2412019592033674,SYNID0103850912,251.42,C,2024-12-01
2412011087078843,SYNID0107568255,476.65,C,2024-12-01
2412015759044809,SYNID0200088582,25430.47,D,2024-12-01
2412012560538113,SYNID0106936097,14403.62,C,2024-12-01
2412015560946714,SYNID0107348323,7268.81,C,2024-12-01
2412010628334850,SYNID0200155033,806.08,C,2024-12-01
2412015600378464,SYNID0107348323,2364.98,C,2024-12-01
2412017697155891,SYNID0106345395,148.74,C,2024-12-01
2412010414874495,SYNID0108036747,459.53,D,2024-12-01
2412016230768259,SYNID0200789296,6267.39,C,2024-12-01
2412013533552084,SYNID0200326842,691.04,D,2024-12-01
2412017274173452,SYNID0200494373,189705.5,D,2024-12-01
2412014815055783,SYNID0108533644,22893.29,C,2024-12-01
2412014823382246,SYNID0100855304,12318.0,C,2024-12-01
2412018852931810,SYNID0200639063,5567.02,D,2024-12-01
2412011457362666,SYNID0103954295,7084.85,D,2024-12-01
2412015131708969,SYNID0109133861,3413.12,C,2024-12-01
2412011946244123,SYNID0200377301,210.22,C,2024-12-01
2412010409340687,SYNID0200483286,53753.6,D,2024-12-01
2412012784603850,SYNID0102328703,1676.71,C,2024-12-01
2412017141305335,SYNID0200639063,8037.15,C,2024-12-01
2412011484362179,SYNID0108473973,264.81,C,2024-12-01
2412016498139148,SYNID0103756896,1824.11,C,2024-12-01
2412011679382063,SYNID0200541246,404.68,C,2024-12-01
2412010590139527,SYNID0101122274,2391.82,D,2024-12-01
2412018985504995,SYNID0106489019,114.07,C,2024-12-01
2412015037832956,SYNID0105875576,133667.24,C,2024-12-01
2412014043474404,SYNID0200639063,1874.33,C,2024-12-01
2412013867850211,SYNID0200922700,23705.15,C,2024-12-01
2412018199621060,SYNID0105356230,1956.21,D,2024-12-01
2412011645533433,SYNID0200639063,4638.03,C,2024-12-01
2412010199073585,SYNID0109847998,3544.86,D,2024-12-01
2412011840071966,SYNID0200855353,21206.98,D,2024-12-01
2412017256387972,SYNID0103170275,147.18,C,2024-12-01
2412010972727237,SYNID0101754883,3011.82,C,2024-12-01
2412019241732633,SYNID0109770365,5060.57,D,2024-12-01
2412011320878429,SYNID0102790574,1342.42,C,2024-12-01
2412011516213354,SYNID0200723677,2653.64,D,2024-12-01
2412016719309222,SYNID0109100393,7276.04,C,2024-12-01
2412010198449303,SYNID0105844533,19734.43,C,2024-12-01
2412011008217367,SYNID0109343632,8384.69,C,2024-12-01
2412010124193814,SYNID0107369002,514.9,C,2024-12-01
2412017014559182,SYNID0200367458,6728.59,D,2024-12-01
2412010362054303,SYNID0200917657,3611.4,D,2024-12-01
2412012333534927,SYNID0103676867,89937.14,D,2024-12-01
2412014723768541,SYNID0200428241,14042.08,D,2024-12-01
2412014420679876,SYNID0107334515,1109.95,C,2024-12-01
2412010931084197,SYNID0200917657,3674.22,D,2024-12-01
2412010244275471,SYNID0200917657,2842.72,D,2024-12-01
2412018764354582,SYNID0200917657,2494.48,D,2024-12-01
2412013813599780,SYNID0200791566,12555.7,D,2024-12-01
2412019164425253,SYNID0103676921,5708.24,C,2024-12-01
2412014988476838,SYNID0200697291,192.28,C,2024-12-01
2412014028369833,SYNID0103419190,243.03,C,2024-12-01
2412011561060960,SYNID0109078106,44602.15,C,2024-12-01
2412015042411559,SYNID0200917657,1616.74,D,2024-12-01
2412015363967072,SYNID0200917657,220.63,D,2024-12-01
2412011764006331,SYNID0109463921,25744.45,D,2024-12-01
2412015849977482,SYNID0104387284,4298.6,C,2024-12-01
2412013300467068,SYNID0107071658,4228.92,D,2024-12-01
2412013329006417,SYNID0200045450,1562.0,C,2024-12-01
2412012552165192,SYNID0200045450,101102.01,C,2024-12-01
2412019676903333,SYNID0200490486,2833.42,C,2024-12-01
2412016099085730,SYNID0103238729,1991.51,C,2024-12-01
2412013628150879,SYNID0100870538,15858.27,D,2024-12-01
2412011054933933,SYNID0200719853,21373.99,D,2024-12-01
2412018120998948,SYNID0100513500,21397.48,C,2024-12-01
2412016635775117,SYNID0200173673,66055.8,D,2024-12-01
2412016517224842,SYNID0106517417,11833.77,C,2024-12-01
2412014823285391,SYNID0200917657,2038.61,D,2024-12-01
2412018732725899,SYNID0109951697,134142.03,C,2024-12-01
2412012096142815,SYNID0200917657,767.9,D,2024-12-01
2412012673067449,SYNID0105141111,1043.52,C,2024-12-01
2412014961402755,SYNID0101768944,687.46,C,2024-12-01
2412013320886075,SYNID0200170062,23805.88,C,2024-12-01
2412013418549400,SYNID0108782134,12052.48,C,2024-12-01
2412015500354024,SYNID0200917657,3310.65,D,2024-12-01
2412011186171021,SYNID0200917657,3634.44,D,2024-12-01
2412019503006930,SYNID0200224179,4984.31,C,2024-12-01
2412010959560750,SYNID0107438729,288.61,C,2024-12-01
2412012944579684,SYNID0107463187,7203.45,C,2024-12-01
2412013857110263,SYNID0200017800,5553.92,C,2024-12-01
2412010670350829,SYNID0109468248,526.61,C,2024-12-01
2412011768633750,SYNID0106673390,12386.37,C,2024-12-01
2412015494363868,SYNID0200950065,297.36,C,2024-12-01
2412012324735939,SYNID0108965670,1216.31,C,2024-12-01
2412015607911248,SYNID0102121335,21075.1,C,2024-12-01
2412017732606662,SYNID0109178562,19601.45,C,2024-12-01
2412016417789043,SYNID0107845605,6202.8,C,2024-12-01
2412015810634114,SYNID0106705841,1435.03,C,2024-12-01
2412016656341942,SYNID0200881262,9704.65,D,2024-12-01
2412017052473426,SYNID0101848138,1727.6,C,2024-12-01
2412017877727802,SYNID0108339289,290.51,C,2024-12-01
2412012775061068,SYNID0108798998,18877.02,C,2024-12-01
2412026571144158,SYNID0104844563,510.99,D,2024-12-02
2412020470553652,SYNID0200190245,63813.79,D,2024-12-02
2412026643217637,SYNID0107173210,126321.38,C,2024-12-02
2412021329525453,SYNID0200917657,387.97,D,2024-12-02
2412023245836775,SYNID0200942069,2494.69,C,2024-12-02
2412020412064920,SYNID0107747578,225.74,C,2024-12-02
2412026068619884,SYNID0200263267,589202.81,C,2024-12-02
2412025457231468,SYNID0101452404,1606.83,C,2024-12-02
2412026149274548,SYNID0200747322,34469.21,D,2024-12-02
2412022019781836,SYNID0109966090,5896.14,C,2024-12-02
2412022345104448,SYNID0102605518,343.61,C,2024-12-02
2412022827661416,SYNID0102147798,130.19,C,2024-12-02
2412029264525681,SYNID0200593915,7558.85,C,2024-12-02
2412024576828312,SYNID0200885757,1144382.92,D,2024-12-02
2412025412075572,SYNID0103703533,223.09,C,2024-12-02
2412020280475264,SYNID0200673561,1627.22,D,2024-12-02
2412027952380373,SYNID0108840176,8485.83,C,2024-12-02
2412025174378775,SYNID0200917657,5628.72,D,2024-12-02
2412020676112704,SYNID0105729937,25246.26,C,2024-12-02
2412029272537972,SYNID0101587708,5617.75,C,2024-12-02
2412023636727981,SYNID0104993519,9311.37,D,2024-12-02
2412026296719905,SYNID0102499757,1609.52,C,2024-12-02
2412021300843776,SYNID0200712128,21010.72,D,2024-12-02
2412021021383039,SYNID0200642224,619655.34,C,2024-12-02
2412022683521699,SYNID0104511912,684916.62,C,2024-12-02
2412020433005335,SYNID0102775996,5621.45,C,2024-12-02
2412024039564582,SYNID0108370193,520.14,D,2024-12-02
2412025045020454,SYNID0200917657,414.57,D,2024-12-02
2412027377485870,SYNID0106242361,6150.56,C,2024-12-02
2412026997506951,SYNID0103550313,529.19,D,2024-12-02
2412024967892557,SYNID0102305013,310.48,C,2024-12-02
2412029591063882,SYNID0100786525,596.87,C,2024-12-02
2412025208201916,SYNID0100502066,42912.15,C,2024-12-02
2412028003356469,SYNID0200634431,3623.05,D,2024-12-02
2412020187126215,SYNID0105212483,11252.02,D,2024-12-02
2412026540189177,SYNID0102660989,2936.76,C,2024-12-02
2412029585146640,SYNID0106042881,131.65,C,2024-12-02
2412023834219580,SYNID0200917657,3214.0,D,2024-12-02
2412023887303761,SYNID0200567030,21701.4,C,2024-12-02
2412027472312200,SYNID0200483554,41251.03,D,2024-12-02
2412032571970551,SYNID0106256092,4214.06,C,2024-12-03
2412030180839040,SYNID0103011915,16138.11,C,2024-12-03
2412035062886164,SYNID0107086744,2982.56,C,2024-12-03
2412036664099964,SYNID0200117193,4472.43,C,2024-12-03
2412032422082495,SYNID0103143228,10721.15,C,2024-12-03
2412036978448323,SYNID0200017800,2474.51,C,2024-12-03
2412038451562229,SYNID0200924084,419094.53,C,2024-12-03
2412038630248468,SYNID0101720569,1578.42,C,2024-12-03
2412034444690861,SYNID0109575527,10620.16,C,2024-12-03
2412039718933804,SYNID0105452155,738.46,C,2024-12-03
2412038788703195,SYNID0200388599,14722.06,C,2024-12-03
2412031370551769,SYNID0102699218,157.22,C,2024-12-03
2412039495304335,SYNID0105004160,10350.33,C,2024-12-03
2412038635602416,SYNID0200192167,10583.42,D,2024-12-03
2412038980180612,SYNID0107009468,12572.15,C,2024-12-03
2412032983501886,SYNID0100340251,4241.14,C,2024-12-03
2412042730058537,SYNID0101855045,6972.94,C,2024-12-04
2412045084683236,SYNID0200170062,5710.31,D,2024-12-04
2412045853923711,SYNID0200389404,16120.04,D,2024-12-04
2412041828184750,SYNID0102588841,877.31,C,2024-12-04
2412040602084930,SYNID0200552733,2379.96,C,2024-12-04
2412044996218425,SYNID0200917657,1500.67,D,2024-12-04
2412046806456026,SYNID0109217266,362.63,C,2024-12-04
2412045884478558,SYNID0109821753,3009.98,C,2024-12-04
2412044784172502,SYNID0102047281,9979.84,C,2024-12-04
2412040708791750,SYNID0109482978,113196.94,C,2024-12-04
2412047033462754,SYNID0200939175,20931.96,C,2024-12-04
2412044402913768,SYNID0109006511,599.46,C,2024-12-04
2412047768427032,SYNID0200428876,1147.71,C,2024-12-04
2412048753998559,SYNID0200917657,803.45,D,2024-12-04
2412056197346488,SYNID0105296370,378.48,C,2024-12-05
2412055948130764,SYNID0109649499,517.86,C,2024-12-05
2412051353169854,SYNID0100829771,342.29,C,2024-12-05
2412057992839628,SYNID0200981093,492.82,D,2024-12-05
2412058910950246,SYNID0109482396,447.08,C,2024-12-05
2412057302252406,SYNID0102252319,18496.34,C,2024-12-05
2412058000918931,SYNID0104387284,25449.84,D,2024-12-05
2412058178469212,SYNID0102386693,160.06,C,2024-12-05
2412054544252189,SYNID0200639063,14011.57,D,2024-12-05
2412055595245703,SYNID0200680099,7864.34,C,2024-12-05
2412051054093181,SYNID0105277965,261.48,C,2024-12-05
2412057478964643,SYNID0100079311,2620.48,D,2024-12-05
2412054143648396,SYNID0200588379,11308.62,D,2024-12-05
2412050076625187,SYNID0103850912,1327.21,C,2024-12-05
2412059417486628,SYNID0108487760,3391.53,C,2024-12-05
2412051369313710,SYNID0104733589,687.71,C,2024-12-05
2412056535441699,SYNID0107369002,8963.36,C,2024-12-05
2412057752525152,SYNID0101454094,4496.2,C,2024-12-05
2412056559640943,SYNID0100264783,478.24,C,2024-12-05
2412053871682810,SYNID0109814264,27512.74,C,2024-12-05
2412056347091643,SYNID0107630517,3323.94,C,2024-12-05
2412055336708973,SYNID0103568592,631736.06,C,2024-12-05
2412058732722024,SYNID0101119258,102110.35,C,2024-12-05
2412051827780789,SYNID0101622860,3472.88,C,2024-12-05
2412053648826775,SYNID0200155033,204833.5,D,2024-12-05
2412052435179355,SYNID0200917657,181.28,D,2024-12-05
2412051239025125,SYNID0103488127,429.45,C,2024-12-05
2412056126925406,SYNID0100222894,11061.65,C,2024-12-05
2412055527158770,SYNID0107685234,746.7,C,2024-12-05
2412053910522436,SYNID0102593555,3624.02,C,2024-12-05
2412055727402603,SYNID0103170275,3336.42,C,2024-12-05
2412059024069925,SYNID0109737906,582.69,C,2024-12-05
2412057434475585,SYNID0109290528,1040.02,C,2024-12-05
2412052516561960,SYNID0104395732,534.37,C,2024-12-05
2412052870714974,SYNID0107026532,2735.32,C,2024-12-05
2412052860465108,SYNID0104020238,4308.72,C,2024-12-05
2412053313431011,SYNID0101145286,728.98,C,2024-12-05
2412056771678101,SYNID0200917657,3102.94,D,2024-12-05
2412057423588034,SYNID0105136253,8377.23,C,2024-12-05
2412056472123643,SYNID0200868799,3398.69,C,2024-12-05
2412053715345015,SYNID0108830288,423.71,C,2024-12-05
2412056706035772,SYNID0104603980,5233.47,C,2024-12-05
2412056907995990,SYNID0109420952,957.28,C,2024-12-05
2412054942469100,SYNID0101320112,545.29,C,2024-12-05
2412058319125629,SYNID0102542963,6976.41,C,2024-12-05
2412050624259958,SYNID0105968755,4571.85,C,2024-12-05
2412052718338264,SYNID0102417311,5276.69,C,2024-12-05
2412058166044938,SYNID0108577910,8730.04,C,2024-12-05
2412052980920649,SYNID0100838289,641.34,C,2024-12-05
2412050199573225,SYNID0200684308,181640.16,C,2024-12-05
2412050844270874,SYNID0109675639,13520.59,C,2024-12-05
2412051295847771,SYNID0200661216,9825.58,D,2024-12-05
2412051675487008,SYNID0106907403,3776.29,C,2024-12-05
2412055601257295,SYNID0105332010,28100.6,D,2024-12-05
2412058814758173,SYNID0200832768,3506.67,C,2024-12-05
2412052642586706,SYNID0104060587,589.09,C,2024-12-05
2412058186917062,SYNID0200973678,25542.76,D,2024-12-05
2412053421589666,SYNID0100374565,2343.06,C,2024-12-05
2412057583978948,SYNID0109087042,16795.07,C,2024-12-05
2412051336297219,SYNID0200917657,1058.39,D,2024-12-05
2412057297357854,SYNID0106864562,639.29,C,2024-12-05
2412050000390603,SYNID0200917657,1345.46,D,2024-12-05
2412057783096384,SYNID0105092136,6355.4,C,2024-12-05
2412059201969630,SYNID0200639063,33683.43,C,2024-12-05
2412056023461455,SYNID0104337954,3498.3,C,2024-12-05
2412054560950735,SYNID0103579993,2564.04,C,2024-12-05
2412054227702990,SYNID0100063994,704.26,C,2024-12-05
2412058897371714,SYNID0200744303,2137.79,C,2024-12-05
2412059534169145,SYNID0105473204,11897.46,C,2024-12-05
2412050527904681,SYNID0105976473,5162.18,C,2024-12-05
2412057942508753,SYNID0108094260,246.13,C,2024-12-05
2412065542408070,SYNID0200494373,996.15,C,2024-12-06
2412063712187239,SYNID0200494373,35233.65,D,2024-12-06
2412063999102308,SYNID0200917657,1411.13,D,2024-12-06
2412069638533698,SYNID0200045450,73662.12,D,2024-12-06
2412063045408125,SYNID0200908516,60367.28,D,2024-12-06
2412062752597382,SYNID0100436534,3259.81,D,2024-12-06
2412064271926132,SYNID0200045450,18673.82,C,2024-12-06
2412069760541945,SYNID0200750831,61095.09,C,2024-12-06
2412067046252456,SYNID0200951869,152547.2,D,2024-12-06
2412062465001438,SYNID0200917657,2608.92,D,2024-12-06
2412061917952340,SYNID0109259823,15815.06,C,2024-12-06
2412066920586819,SYNID0200809172,9447.0,D,2024-12-06
2412062114214779,SYNID0105890772,472544.45,C,2024-12-06
2412067475389303,SYNID0200917657,1323.15,D,2024-12-06
2412062131436298,SYNID0200950065,4507.71,C,2024-12-06
2412068187448971,SYNID0101767964,194.15,C,2024-12-06
2412061164968361,SYNID0103136433,3122.96,C,2024-12-06
2412069973425115,SYNID0200262883,233015.57,D,2024-12-06
2412061899516599,SYNID0200917325,211.18,C,2024-12-06
2412063669749197,SYNID0200917657,3244.05,D,2024-12-06
2412067984683704,SYNID0104106561,917.2,C,2024-12-06
2412068191062136,SYNID0200635229,7338.31,C,2024-12-06
2412064485372489,SYNID0200965810,6706.1,D,2024-12-06
2412067979136885,SYNID0200639063,728978.23,C,2024-12-06
2412062141200178,SYNID0200639063,360.19,D,2024-12-06
2412069390824514,SYNID0200917657,9594.7,D,2024-12-06
2412060416340874,SYNID0200101124,111624.61,C,2024-12-06
2412060022661476,SYNID0104020238,2165.82,C,2024-12-06
2412069217062831,SYNID0200473765,9043.6,D,2024-12-06
2412069748769545,SYNID0200917657,1000.15,D,2024-12-06
2412060394706019,SYNID0107369002,233.77,C,2024-12-06
2412068414932278,SYNID0200555443,61771.02,C,2024-12-06
2412068162741595,SYNID0200192167,1554.41,D,2024-12-06
2412061569439202,SYNID0109247507,189164.99,C,2024-12-06
2412068546908470,SYNID0200377301,5314.04,D,2024-12-06
2412065914077014,SYNID0107557060,514.45,D,2024-12-06
2412062099386508,SYNID0105250505,523.0,C,2024-12-06
2412066108267001,SYNID0200917657,208.19,D,2024-12-06
2412065536952316,SYNID0102990596,519.21,C,2024-12-06
2412063386490402,SYNID0200552733,53204.29,D,2024-12-06
2412063649897353,SYNID0107724278,1500.56,C,2024-12-06
2412060732150789,SYNID0104388447,1293.38,C,2024-12-06
2412064380778249,SYNID0108545689,528.41,C,2024-12-06
2412064586565441,SYNID0200513227,262013.23,D,2024-12-06
2412064450095590,SYNID0106673390,3561.53,C,2024-12-06
2412066181089904,SYNID0105477700,666.77,C,2024-12-06
2412069721570740,SYNID0109585688,528.33,C,2024-12-06
2412065732829725,SYNID0200152600,8862.95,D,2024-12-06
2412065387872460,SYNID0108850348,7263.53,C,2024-12-06
2412062350101691,SYNID0102076303,1416.8,C,2024-12-06
2412068793915280,SYNID0106182010,114123.18,C,2024-12-06
2412066071680565,SYNID0106995525,442.88,C,2024-12-06
2412067466185823,SYNID0200892808,1160.64,C,2024-12-06
2412061293907994,SYNID0104201954,523.41,C,2024-12-06
2412062121167860,SYNID0200170062,45524.93,D,2024-12-06
2412069903324569,SYNID0200317311,15265.12,D,2024-12-06
2412069643324314,SYNID0200155033,103.23,C,2024-12-06
2412066954595623,SYNID0200020394,290616.74,C,2024-12-06
2412066100103825,SYNID0200970806,7098.93,C,2024-12-06
2412061753342380,SYNID0109078106,219.34,C,2024-12-06
2412062678740554,SYNID0103341959,550.36,C,2024-12-06
2412062245767520,SYNID0106952005,1720.58,C,2024-12-06
2412064142272144,SYNID0108631517,549.37,C,2024-12-06
2412063816342628,SYNID0102128264,2648.44,C,2024-12-06
2412065733075695,SYNID0101552116,5263.54,C,2024-12-06
2412065354975699,SYNID0200621856,29177.37,D,2024-12-06
2412061347392064,SYNID0109371258,4293.89,C,2024-12-06
2412064792691626,SYNID0200067478,162829.89,C,2024-12-06
2412061254294751,SYNID0107000546,2063.65,C,2024-12-06
2412060233151310,SYNID0200881262,769.16,C,2024-12-06
2412066163402352,SYNID0200621856,5670.44,D,2024-12-06
2412065286331569,SYNID0200052059,5170.52,C,2024-12-06
2412076657619639,SYNID0103074228,10781.27,C,2024-12-07
2412070525204351,SYNID0101860205,12167.4,C,2024-12-07
2412070064560523,SYNID0106440574,5561.84,C,2024-12-07
2412078884901893,SYNID0200639063,11442.38,C,2024-12-07
2412072853277898,SYNID0105756256,1475.42,D,2024-12-07
2412072049258408,SYNID0104395732,2680.17,C,2024-12-07
2412075784994007,SYNID0101105191,2079.07,C,2024-12-07
2412070918052097,SYNID0105085762,42965.91,C,2024-12-07
2412076432507723,SYNID0200640961,7356.31,C,2024-12-07
2412076862903993,SYNID0200375148,3039.29,C,2024-12-07
2412078076734625,SYNID0104381045,1963.33,C,2024-12-07
2412073816951830,SYNID0108201211,1061.5,C,2024-12-07
2412071628742329,SYNID0104169039,8301.43,C,2024-12-07
2412071369643299,SYNID0104060587,4800.02,C,2024-12-07
2412074720636576,SYNID0102889676,26790.33,C,2024-12-07
2412074171845497,SYNID0103720179,1989.27,C,2024-12-07
2412074569991849,SYNID0107087414,2839.2,C,2024-12-07
2412079311209543,SYNID0101833263,5182.93,C,2024-12-07
2412075481425413,SYNID0105924462,3802.42,C,2024-12-07
2412074632713817,SYNID0104379482,1005.93,C,2024-12-07
2412077121225538,SYNID0100079311,24411.04,C,2024-12-07
2412077056828977,SYNID0105548347,930.57,C,2024-12-07
2412079652892211,SYNID0102485373,5762.14,C,2024-12-07
2412079183265662,SYNID0104077758,947.58,D,2024-12-07
2412079839719768,SYNID0103076606,102156.78,C,2024-12-07
2412070795116552,SYNID0106750078,3444.19,C,2024-12-07
2412071876173093,SYNID0106510985,3536.1,C,2024-12-07
2412076069716403,SYNID0107009468,272.5,C,2024-12-07
2412078663154026,SYNID0103102018,536.61,D,2024-12-07
2412076518771367,SYNID0200398398,1071.08,C,2024-12-07
2412070767643593,SYNID0108568497,654.85,C,2024-12-07
2412079794557760,SYNID0200552733,12385.34,C,2024-12-07
2412071672309088,SYNID0200263267,1514.85,C,2024-12-07
2412071913742446,SYNID0200037052,12507.84,C,2024-12-07
2412072482501223,SYNID0200428876,268430.48,C,2024-12-07
2412076308410381,SYNID0108020770,607.59,C,2024-12-07
2412077438250218,SYNID0106763740,268.08,C,2024-12-07
2412079042891980,SYNID0109160195,1058.18,D,2024-12-07
2412079641654330,SYNID0107891767,506.52,C,2024-12-07
2412079574440798,SYNID0105364046,779.51,C,2024-12-07
2412074590808131,SYNID0108545689,6989.18,C,2024-12-07
2412072051298933,SYNID0106468157,340.62,C,2024-12-07
2412073174447340,SYNID0106995525,3134.22,D,2024-12-07
2412079618945479,SYNID0107843466,3884.73,D,2024-12-07
2412079686909698,SYNID0104768199,506.46,D,2024-12-07
2412072406283336,SYNID0100264783,7062.86,D,2024-12-07
2412076949827428,SYNID0102204853,15548.8,D,2024-12-07
2412075473470641,SYNID0100847154,546.54,C,2024-12-07
2412074325910464,SYNID0109861268,677.4,C,2024-12-07
2412078732736185,SYNID0107028005,1042.92,C,2024-12-07
2412078188137934,SYNID0106484803,4769.37,D,2024-12-07
2412073666534033,SYNID0103493481,608.53,C,2024-12-07
2412077851335950,SYNID0104133923,522.51,C,2024-12-07
2412078670979803,SYNID0104528041,5086.56,C,2024-12-07
2412071940818965,SYNID0103690348,4915.55,C,2024-12-07
2412074511428471,SYNID0105473204,679.9,C,2024-12-07
2412074212843868,SYNID0105898773,284.2,C,2024-12-07
2412073727376692,SYNID0107369002,361.18,C,2024-12-07
2412078049773226,SYNID0104960761,7057.38,C,2024-12-07
2412071524144296,SYNID0108809676,8916.78,C,2024-12-07
2412073102574378,SYNID0106046535,970072.63,C,2024-12-07
2412073390004681,SYNID0101813501,237.5,C,2024-12-07
2412072256141445,SYNID0100770257,6092.11,C,2024-12-07
2412072821983478,SYNID0108408706,335.23,C,2024-12-07
2412070348576508,SYNID0109482396,661.91,C,2024-12-07
2412073479170257,SYNID0200117193,5776.45,C,2024-12-07
2412076887788481,SYNID0106843919,3935.11,C,2024-12-07
2412074742923533,SYNID0103982184,193.76,C,2024-12-07
2412070581669664,SYNID0104723093,6364265.91,D,2024-12-07
2412086803668958,SYNID0200900513,60270.76,C,2024-12-08
2412082092941005,SYNID0200483554,1802392.83,D,2024-12-08
2412086636296999,SYNID0103482772,212.78,C,2024-12-08
2412084939517458,SYNID0200567030,71595.47,C,2024-12-08
2412080871773767,SYNID0200037052,7140.23,D,2024-12-08
2412081637134427,SYNID0200917657,2174.87,D,2024-12-08
2412086030686992,SYNID0108798998,534.54,D,2024-12-08
2412088919037714,SYNID0109526636,96345.98,C,2024-12-08
2412083653271337,SYNID0200017800,23782.17,D,2024-12-08
2412085907500391,SYNID0103636205,5915.27,C,2024-12-08
2412081619664732,SYNID0200358768,4062.72,C,2024-12-08
2412082913883834,SYNID0108190364,119.25,C,2024-12-08
2412084910456054,SYNID0200917657,2287.53,D,2024-12-08
2412083555993167,SYNID0105231636,5219.59,C,2024-12-08
2412083969330660,SYNID0200567030,854865.97,C,2024-12-08
2412086992886129,SYNID0200095593,7700.35,C,2024-12-08
2412087419719088,SYNID0109641757,2580.79,D,2024-12-08
2412085590859117,SYNID0107409065,8398.44,C,2024-12-08
2412086581612577,SYNID0200037329,41482.9,C,2024-12-08
2412087642403727,SYNID0200044707,3600.03,C,2024-12-08
2412083265816714,SYNID0107901561,2122.98,D,2024-12-08
2412083857930334,SYNID0200521470,42049.12,D,2024-12-08
2412085796357182,SYNID0200834130,77018.07,D,2024-12-08
2412089972638119,SYNID0104106561,227.64,C,2024-12-08
2412085812777976,SYNID0200917657,433.92,D,2024-12-08
2412086692655263,SYNID0200917657,904.25,D,2024-12-08
2412085262735662,SYNID0200917657,1077.64,D,2024-12-08
2412086411873095,SYNID0106510985,155922.54,D,2024-12-08
2412088580847287,SYNID0200299999,8291.45,D,2024-12-08
2412082283863547,SYNID0200483554,37206.96,C,2024-12-08
2412088765388421,SYNID0102682399,30.95,D,2024-12-08
2412081207708242,SYNID0200341758,489492.31,C,2024-12-08
2412080064176907,SYNID0200634431,11348.36,D,2024-12-08
2412082024780379,SYNID0103811319,33.25,D,2024-12-08
2412084407048123,SYNID0200231662,71608.73,D,2024-12-08
2412082126598215,SYNID0108487236,103585.1,C,2024-12-08
2412089875171092,SYNID0105868876,1323.82,C,2024-12-08
2412083069072524,SYNID0200326842,22710.29,D,2024-12-08
2412088823498412,SYNID0102686451,9981.91,C,2024-12-08
2412083344165926,SYNID0200494373,84499.75,C,2024-12-08
2412082530852271,SYNID0200639724,56720.46,D,2024-12-08
2412088895072959,SYNID0200917657,3829.18,D,2024-12-08
2412084979262305,SYNID0106043818,3583.8,D,2024-12-08
2412089239103557,SYNID0200552733,28963.26,D,2024-12-08
2412083652243571,SYNID0200917657,2465.11,D,2024-12-08
2412081998013182,SYNID0200917325,23670.67,C,2024-12-08
2412083038514457,SYNID0101734665,2411.48,D,2024-12-08
2412087517872548,SYNID0100071621,1303.93,C,2024-12-08
2412085158666859,SYNID0200463729,11261.22,C,2024-12-08
2412088150529686,SYNID0200192167,66429.66,D,2024-12-08
2412086308401908,SYNID0200917657,2779.07,D,2024-12-08
2412088984623629,SYNID0200868532,728.13,C,2024-12-08
2412083676521569,SYNID0200639063,31239.78,C,2024-12-08
2412088183792677,SYNID0200522327,6061.11,C,2024-12-08
2412082175109962,SYNID0100019645,1042.76,D,2024-12-08
2412087447252778,SYNID0200576775,1511.23,D,2024-12-08
2412088285221775,SYNID0103905077,20198.49,C,2024-12-08
2412086902998963,SYNID0200846351,228.85,C,2024-12-08
2412088890481792,SYNID0200639063,7405.43,C,2024-12-08
2412084166020442,SYNID0200232228,4223.52,C,2024-12-08
2412087201841031,SYNID0200174977,10434.04,C,2024-12-08
2412083890999246,SYNID0200404279,6345.81,D,2024-12-08
2412089097204998,SYNID0200170062,4694.2,C,2024-12-08
2412093640833503,SYNID0200243065,47084.11,D,2024-12-09
2412091481524241,SYNID0104511912,3269.23,C,2024-12-09
2412096328259285,SYNID0200642224,6787.9,D,2024-12-09
2412096442874796,SYNID0109071872,575.64,C,2024-12-09
2412097644650953,SYNID0100797274,46533.92,C,2024-12-09
2412099925156354,SYNID0200917657,434825.72,D,2024-12-09
2412099212896150,SYNID0200859616,9158.79,D,2024-12-09
2412092535913612,SYNID0101351635,89942.67,C,2024-12-09
2412096736893134,SYNID0200917657,3471.31,D,2024-12-09
2412097811185167,SYNID0200846351,6993.25,C,2024-12-09
2412099636304641,SYNID0200488915,22706.57,C,2024-12-09
2412095932923006,SYNID0200917657,16021.96,D,2024-12-09
2412093521529072,SYNID0200057111,4764.21,D,2024-12-09
2412096768556402,SYNID0200924084,3051.02,C,2024-12-09
2412093850765180,SYNID0200908516,1687141.53,D,2024-12-09
2412093943576357,SYNID0200522327,15659.22,D,2024-12-09
2412098888310344,SYNID0200117107,30037.16,D,2024-12-09
2412098878240834,SYNID0200812851,182.09,C,2024-12-09
2412099851199072,SYNID0200606438,10857.2,C,2024-12-09
2412090699605282,SYNID0200494373,271204.78,C,2024-12-09
2412095570629166,SYNID0200595791,1261.58,C,2024-12-09
2412090668551805,SYNID0103317652,12556.87,C,2024-12-09
2412098332209557,SYNID0200259434,29031.36,D,2024-12-09
2412096967671300,SYNID0101723863,266.14,C,2024-12-09
2412095188149566,SYNID0200834607,86009.48,D,2024-12-09
2412091035930070,SYNID0200681430,2164.34,D,2024-12-09
2412091002410876,SYNID0109179635,8087.36,C,2024-12-09
2412091088186543,SYNID0200893492,34185.26,C,2024-12-09
2412098866504280,SYNID0200971699,35491.51,C,2024-12-09
2412092104166462,SYNID0200216125,65958.02,D,2024-12-09
2412093554322096,SYNID0200639063,354.25,D,2024-12-09
2412093352524547,SYNID0200647571,4595.21,C,2024-12-09
2412099149965512,SYNID0200917657,645.59,D,2024-12-09
2412098278916509,SYNID0200881262,370.77,C,2024-12-09
2412098751853609,SYNID0200639063,29574.74,C,2024-12-09
2412101455449986,SYNID0100071621,3535.78,C,2024-12-10
2412108682522720,SYNID0200264413,14046.19,D,2024-12-10
2412102977130110,SYNID0200341758,199717.9,D,2024-12-10
2412100241970050,SYNID0100264783,62109.89,D,2024-12-10
2412107836220507,SYNID0200263267,641650.81,D,2024-12-10
2412109490738423,SYNID0106530744,530.52,D,2024-12-10
2412107854308298,SYNID0200917657,4183.18,D,2024-12-10
2412104128741122,SYNID0103150195,14862.76,C,2024-12-10
2412101644805447,SYNID0200567030,62479.07,C,2024-12-10
2412106479265002,SYNID0200017800,3333.65,C,2024-12-10
2412102248097187,SYNID0200483554,6384.58,C,2024-12-10
2412108726921103,SYNID0104603980,4306.79,C,2024-12-10
2412102976462950,SYNID0103150518,1630.43,C,2024-12-10
2412107001694559,SYNID0108499189,1662.29,C,2024-12-10
2412100118525739,SYNID0109605156,30559.06,C,2024-12-10
2412105667375851,SYNID0102490473,470650.04,C,2024-12-10
2412109001250986,SYNID0200779733,7944.63,C,2024-12-10
2412103654305111,SYNID0200991900,54709.14,C,2024-12-10
2412117187523440,SYNID0200680099,1407.01,C,2024-12-11
2412112633262379,SYNID0101696534,2123.36,C,2024-12-11
2412110673312961,SYNID0107330749,10781.73,C,2024-12-11
2412117830759794,SYNID0104547632,1710.0,C,2024-12-11
2412115582908431,SYNID0107887721,3358.98,C,2024-12-11
2412112356982701,SYNID0200917657,1137.59,D,2024-12-11
2412110715709852,SYNID0104375677,5894.16,C,2024-12-11
2412113359260613,SYNID0108850348,1069.51,C,2024-12-11
2412117765675188,SYNID0200846351,27868.21,C,2024-12-11
2412115155601388,SYNID0100198532,581.79,C,2024-12-11
2412117263374121,SYNID0109769237,3657.58,C,2024-12-11
2412117236580996,SYNID0103140011,6829.21,C,2024-12-11
2412119659881789,SYNID0108558587,7672.92,C,2024-12-11
2412119583014195,SYNID0200676840,48164.46,C,2024-12-11
2412111443394463,SYNID0200950065,9594.12,D,2024-12-11
2412113664914064,SYNID0200170062,14086.26,C,2024-12-11
2412124982982635,SYNID0105968755,7773.1,C,2024-12-12
2412122547650711,SYNID0102878038,651.85,C,2024-12-12
2412123042590997,SYNID0100160928,18156.43,C,2024-12-12
2412124272188362,SYNID0107394521,6108.18,D,2024-12-12
2412129820409485,SYNID0100059769,5844.2,C,2024-12-12
2412125038628764,SYNID0105356230,28076.32,C,2024-12-12
2412126427487732,SYNID0101108177,530.78,D,2024-12-12
2412129811253506,SYNID0101153245,24767.59,C,2024-12-12
2412124881729947,SYNID0200917657,3526.89,D,2024-12-12
2412120050843470,SYNID0200330706,42503.51,C,2024-12-12
2412122679747135,SYNID0200062723,11095.09,D,2024-12-12
2412122977232210,SYNID0101051444,106.86,C,2024-12-12
2412124232420537,SYNID0104592403,11907.65,C,2024-12-12
2412121708015832,SYNID0103597256,6166.35,D,2024-12-12
2412126615052154,SYNID0105422149,90724.73,C,2024-12-12
2412125008451369,SYNID0200971699,10220.62,D,2024-12-12
2412121788222662,SYNID0200717641,41138.08,C,2024-12-12
2412123235873751,SYNID0104664017,19993.49,C,2024-12-12
2412120462109714,SYNID0103673861,6264.24,C,2024-12-12
2412129440096761,SYNID0103033421,3293.47,C,2024-12-12
2412129691254701,SYNID0200486202,14817.54,D,2024-12-12
2412121360820498,SYNID0109892016,852.95,C,2024-12-12
2412123648016843,SYNID0104664017,5695.69,C,2024-12-12
2412120931709027,SYNID0200881262,52448.23,D,2024-12-12
2412129509545572,SYNID0108850021,2295.39,D,2024-12-12
2412124925215830,SYNID0100475514,2129.3,D,2024-12-12
2412127861613362,SYNID0200640444,374.08,D,2024-12-12
2412125267515571,SYNID0200676840,372.82,C,2024-12-12
2412123280499561,SYNID0104227665,2367.38,D,2024-12-12
2412122376816795,SYNID0100406318,234.17,C,2024-12-12
2412125623274784,SYNID0200917657,2014.61,D,2024-12-12
2412128485741006,SYNID0200837172,649094.35,D,2024-12-12
2412125855372959,SYNID0108887169,3094.88,D,2024-12-12
2412127041166202,SYNID0108637466,724.61,D,2024-12-12
2412129354732983,SYNID0200917657,2914.32,D,2024-12-12
2412127918395902,SYNID0109421529,1548.62,C,2024-12-12
2412122243895776,SYNID0200567030,367.86,C,2024-12-12
2412121165942043,SYNID0109670710,6510.49,C,2024-12-12
2412121678763933,SYNID0200192167,11316.02,D,2024-12-12
2412124930106344,SYNID0200917657,4193.37,D,2024-12-12
2412128129688384,SYNID0108301803,9017.99,C,2024-12-12
2412121767953473,SYNID0107386057,2124.44,C,2024-12-12
2412126753699106,SYNID0101214410,1689.01,D,2024-12-12
2412121588775167,SYNID0107887721,2833.28,C,2024-12-12
2412121037439676,SYNID0200152600,2481.89,C,2024-12-12
2412122178628069,SYNID0109002422,125687.69,D,2024-12-12
2412124171654696,SYNID0200732287,44198.88,D,2024-12-12
2412126589242923,SYNID0200578810,140004.45,C,2024-12-12
2412126477526819,SYNID0200639063,99034.49,D,2024-12-12
2412122783573924,SYNID0200924084,128610.15,D,2024-12-12
2412125479547422,SYNID0106627351,4526.93,D,2024-12-12
2412123226246130,SYNID0200428241,47785.77,C,2024-12-12
2412121714368846,SYNID0200377301,732690.07,C,2024-12-12
2412121728639120,SYNID0104638375,1037.96,C,2024-12-12
2412121745382605,SYNID0104971126,638.91,D,2024-12-12
2412125661000872,SYNID0200917657,4199.09,D,2024-12-12
2412124619865564,SYNID0101320112,4179.67,C,2024-12-12
2412121235136871,SYNID0100806290,7030.94,C,2024-12-12
2412123529102124,SYNID0109105449,56306.06,C,2024-12-12
2412127659278841,SYNID0102908522,5367.08,C,2024-12-12
2412127363553705,SYNID0200354978,3496.85,D,2024-12-12
2412126441717622,SYNID0200639063,79259.42,D,2024-12-12
2412126772463260,SYNID0105842189,71982.75,D,2024-12-12
2412122587935839,SYNID0105968755,2159.53,C,2024-12-12
2412124650195032,SYNID0200437114,17.69,D,2024-12-12
2412121778424853,SYNID0107562467,31641.8,C,2024-12-12
2412124059891578,SYNID0200578810,8412.52,D,2024-12-12
2412123234066786,SYNID0200578810,6576.69,D,2024-12-12
2412129021257694,SYNID0200248965,4493.55,D,2024-12-12
2412120263142201,SYNID0200723677,19118.86,D,2024-12-12
2412129958830556,SYNID0109512767,10727.2,C,2024-12-12
2412120067795632,SYNID0109564566,2302.52,C,2024-12-12
2412122146686605,SYNID0109989814,31172.77,C,2024-12-12
2412122527441196,SYNID0100019645,4836.27,D,2024-12-12
2412123383037868,SYNID0105890772,10567.38,D,2024-12-12
2412120595225461,SYNID0200117193,887.63,C,2024-12-12
2412133636970238,SYNID0109057873,2266.11,C,2024-12-13
2412130330440103,SYNID0200037052,12685.1,D,2024-12-13
2412130598540326,SYNID0106282109,4164.02,D,2024-12-13
2412132375258128,SYNID0108931921,5771.01,C,2024-12-13
2412130447178739,SYNID0103423985,1508.75,C,2024-12-13
2412139784416517,SYNID0109240452,66898.17,C,2024-12-13
2412134602430031,SYNID0105868876,71066.96,C,2024-12-13
2412132603861674,SYNID0103640418,52.6,C,2024-12-13
2412132931140980,SYNID0102986817,22713.99,C,2024-12-13
2412132534435202,SYNID0101639406,398.62,C,2024-12-13
2412133437762367,SYNID0103238729,127535.08,C,2024-12-13
2412130605489246,SYNID0109005219,98978.44,D,2024-12-13
2412138651449538,SYNID0200552733,6988.76,C,2024-12-13
2412138205839529,SYNID0101234011,460.65,C,2024-12-13
2412131657565821,SYNID0103295040,3395.83,C,2024-12-13
2412138640203305,SYNID0100332767,3317.13,D,2024-12-13
2412135114483290,SYNID0109539837,2070.87,C,2024-12-13
2412139889438104,SYNID0200443853,25867.49,C,2024-12-13
2412137584551698,SYNID0108923276,141.56,C,2024-12-13
2412131846190125,SYNID0108830654,132649.04,C,2024-12-13
2412130501588493,SYNID0100338612,44.48,C,2024-12-13
2412135887998251,SYNID0108807442,5037.27,C,2024-12-13
2412134979020155,SYNID0108553476,1431.78,C,2024-12-13
2412130493106027,SYNID0102775996,53.57,C,2024-12-13
2412131646355822,SYNID0101145286,10031.81,C,2024-12-13
2412138054595617,SYNID0200593154,5227.03,C,2024-12-13
2412135925553932,SYNID0106705841,6503.37,C,2024-12-13
2412131742223418,SYNID0103756896,3570.37,C,2024-12-13
2412132315599282,SYNID0200639063,1069.9,D,2024-12-13
2412137150990284,SYNID0102286762,2340.11,C,2024-12-13
2412137344095130,SYNID0106597327,1605.46,C,2024-12-13
2412133454977911,SYNID0200917657,21324.5,C,2024-12-13
2412134691945995,SYNID0200806649,5767.98,D,2024-12-13
2412132469481885,SYNID0103596663,206.53,C,2024-12-13
2412136478556526,SYNID0109105449,2714.28,D,2024-12-13
2412130984830832,SYNID0200411562,25855.05,C,2024-12-13
2412135298173493,SYNID0200032918,984.14,D,2024-12-13
2412133619211378,SYNID0102154688,3557.38,C,2024-12-13
2412130265913188,SYNID0200552733,50194.26,C,2024-12-13
2412137331927397,SYNID0102593555,101629.59,D,2024-12-13
2412131147998916,SYNID0103816951,11175.51,C,2024-12-13
2412131205169701,SYNID0103238729,47.63,C,2024-12-13
2412139722278566,SYNID0104563551,125.97,C,2024-12-13
2412138712974833,SYNID0104982133,1591.18,D,2024-12-13
2412136540018316,SYNID0101126465,2805.37,D,2024-12-13
2412132077200283,SYNID0105419087,7238.76,D,2024-12-13
2412137747155153,SYNID0100404804,3488.76,C,2024-12-13
2412138797278362,SYNID0101929958,105562.53,D,2024-12-13
2412136876577323,SYNID0105968755,582.38,C,2024-12-13
2412130453332803,SYNID0103850912,114.01,D,2024-12-13
2412136126779875,SYNID0100625482,971.61,C,2024-12-13
2412138558916928,SYNID0101039355,1529.14,C,2024-12-13
2412131860894755,SYNID0200541246,3248.82,D,2024-12-13
2412130197032504,SYNID0104466963,1758.0,C,2024-12-13
2412132289258065,SYNID0100893072,25597.25,C,2024-12-13
2412138727559340,SYNID0200673736,3593.93,C,2024-12-13
2412139465590653,SYNID0102815841,2049.06,C,2024-12-13
2412134683963217,SYNID0109914698,40995.6,C,2024-12-13
2412137499006162,SYNID0108968341,125419.5,C,2024-12-13
2412133804369095,SYNID0105690732,93480.02,D,2024-12-13
2412132731620195,SYNID0101690821,8059.96,D,2024-12-13
2412137005510273,SYNID0200917657,2917.24,D,2024-12-13
2412136705122510,SYNID0109279477,6339.28,C,2024-12-13
2412136287898116,SYNID0100406318,103726.27,D,2024-12-13
2412139003547646,SYNID0200834607,17721.93,D,2024-12-13
2412133266876883,SYNID0200908516,27213.93,C,2024-12-13
2412130289543189,SYNID0108827434,70.29,D,2024-12-13
2412137264210415,SYNID0109071872,12341.61,D,2024-12-13
2412135112300293,SYNID0102918731,2052.81,D,2024-12-13
2412130133504053,SYNID0200524968,6117.42,C,2024-12-13
2412138489003464,SYNID0200917657,5599.49,D,2024-12-13
2412131669487267,SYNID0100677804,100773.31,D,2024-12-13
2412130327099513,SYNID0107261532,3549.22,C,2024-12-13
2412132808962208,SYNID0108828783,52387.98,D,2024-12-13
2412134957723488,SYNID0104535459,2711.88,D,2024-12-13
2412136786861099,SYNID0105418607,107547.57,D,2024-12-13
2412130144493258,SYNID0200917657,2082.28,D,2024-12-13
2412137295218327,SYNID0100475971,1610.59,C,2024-12-13
2412147720549689,SYNID0105113057,2770.21,C,2024-12-14
2412147557163176,SYNID0200765119,6208.57,C,2024-12-14
2412147031738939,SYNID0107681047,1935.25,D,2024-12-14
2412149736323604,SYNID0200538437,4398.7,C,2024-12-14
2412146266835242,SYNID0101027540,12998.58,C,2024-12-14
2412148670813880,SYNID0200917657,3582.31,D,2024-12-14
2412146507796057,SYNID0200621856,54450.02,C,2024-12-14
2412149766953511,SYNID0200740837,37499.58,C,2024-12-14
2412149845590383,SYNID0200993733,223165.72,D,2024-12-14
2412141854001346,SYNID0104709305,6084.45,C,2024-12-14
2412141165415013,SYNID0200791566,104814.77,C,2024-12-14
2412144704544649,SYNID0104379482,1265.07,C,2024-12-14
2412144442973935,SYNID0108967642,1470.97,C,2024-12-14
2412148019028369,SYNID0200917657,1904.85,D,2024-12-14
2412141174176357,SYNID0200206399,6263.13,D,2024-12-14
2412140067805901,SYNID0109002422,4198.49,C,2024-12-14
2412146717153474,SYNID0200263267,8073.29,D,2024-12-14
2412143131154718,SYNID0108614064,5296.03,C,2024-12-14
2412145364009251,SYNID0200483554,263224.17,D,2024-12-14
2412145515217060,SYNID0102769455,3290.99,D,2024-12-14
2412142064927206,SYNID0200917657,1780.18,D,2024-12-14
2412142138033577,SYNID0200917657,4261.87,D,2024-12-14
2412146569820154,SYNID0108659673,501.86,C,2024-12-14
2412142854228051,SYNID0200262810,558289.8,D,2024-12-14
2412146731530742,SYNID0105558565,642.74,C,2024-12-14
2412142755375040,SYNID0103707538,15827.42,C,2024-12-14
2412143949492015,SYNID0200045450,2710.49,D,2024-12-14
2412142281485520,SYNID0103150195,2647.71,D,2024-12-14
2412147677014832,SYNID0107433326,13063.14,C,2024-12-14
2412144838921224,SYNID0107446808,80117.13,C,2024-12-14
2412147171319640,SYNID0107630517,526.9,C,2024-12-14
2412142797718800,SYNID0200330706,2971.63,C,2024-12-14
2412145176988208,SYNID0107702071,8666.27,D,2024-12-14
2412146843644626,SYNID0200924084,5963.08,C,2024-12-14
2412149133411180,SYNID0200049964,295662.59,C,2024-12-14
2412146443339660,SYNID0103551571,1940.0,C,2024-12-14
2412145368320728,SYNID0200855353,1279091.87,D,2024-12-14
2412141474697753,SYNID0200973678,5274.74,C,2024-12-14
2412141927764618,SYNID0200106833,275180.38,D,2024-12-14
2412149314176654,SYNID0108108416,1586.15,D,2024-12-14
2412144893828185,SYNID0105708643,41495.53,D,2024-12-14
2412142449459038,SYNID0200640444,5464.69,C,2024-12-14
2412145110197867,SYNID0106364054,23036.08,C,2024-12-14
2412142716087328,SYNID0200490486,4016.6,C,2024-12-14
2412141475220472,SYNID0103673861,5258.78,C,2024-12-14
2412147865660293,SYNID0200490486,2572.88,C,2024-12-14
2412149828387619,SYNID0107711954,319.97,C,2024-12-14
2412158581293534,SYNID0200639063,22018.73,D,2024-12-15
2412151081548656,SYNID0200639063,72208.48,D,2024-12-15
2412158252818063,SYNID0106333444,210.41,C,2024-12-15
2412156667466319,SYNID0100006262,17.82,C,2024-12-15
2412154973509118,SYNID0107000546,10746.08,C,2024-12-15
2412158751657171,SYNID0200740837,8082.85,C,2024-12-15
2412152349049238,SYNID0104895348,3183.31,D,2024-12-15
2412155059534718,SYNID0109184963,5209.83,C,2024-12-15
2412157816993685,SYNID0100714451,193.64,C,2024-12-15
2412152756429086,SYNID0104603980,13523.18,C,2024-12-15
2412155910812288,SYNID0200868532,6348711.57,C,2024-12-15
2412156074292829,SYNID0105085762,9752.62,C,2024-12-15
2412154935217830,SYNID0100261467,1034.59,C,2024-12-15
2412152791174547,SYNID0200639063,7070.42,C,2024-12-15
2412152686572617,SYNID0101857600,5347.28,D,2024-12-15
2412159029422513,SYNID0103973672,33779.04,C,2024-12-15
2412155821059002,SYNID0109817928,524.53,D,2024-12-15
2412154676672791,SYNID0108627746,6221.99,C,2024-12-15
2412157082518447,SYNID0103047895,174.83,C,2024-12-15
2412153829153488,SYNID0105061975,382.96,C,2024-12-15
2412150074187229,SYNID0109399460,86.47,C,2024-12-15
2412154630783067,SYNID0100957046,772.63,C,2024-12-15
2412157375887371,SYNID0108686758,741.49,C,2024-12-15
2412158499273765,SYNID0105924462,53511.54,C,2024-12-15
2412157635847920,SYNID0100397396,12459.46,D,2024-12-15
2412151941654213,SYNID0200917657,6276.92,D,2024-12-15
2412158108378216,SYNID0200639063,90657.21,D,2024-12-15
2412152012634668,SYNID0109605156,1706.9,C,2024-12-15
2412155673076264,SYNID0105457439,594.59,C,2024-12-15
2412151875588561,SYNID0100085002,6043.84,C,2024-12-15
2412156207218540,SYNID0102718219,4879.47,D,2024-12-15
2412159505100135,SYNID0104395732,4413.5,D,2024-12-15
2412156576987116,SYNID0106120702,6220.57,C,2024-12-15
2412156529265294,SYNID0200101124,6799.11,D,2024-12-15
2412154179699781,SYNID0103140011,659.49,C,2024-12-15
2412158896435595,SYNID0105635317,8740.83,D,2024-12-15
2412150005592528,SYNID0108887169,458.55,C,2024-12-15
2412157001046750,SYNID0200538935,382679.67,C,2024-12-15
2412151026108786,SYNID0200101124,7327.8,C,2024-12-15
2412152655575428,SYNID0200389404,18195.75,C,2024-12-15
2412150878454468,SYNID0108028130,1368.3,D,2024-12-15
2412156609794649,SYNID0200170062,6621.44,D,2024-12-15
2412154215577291,SYNID0107593395,1059.5,D,2024-12-15
2412157451231634,SYNID0106711765,76073.03,C,2024-12-15
2412155162546239,SYNID0200170062,12285.63,C,2024-12-15
2412154232021737,SYNID0107130050,2207.09,C,2024-12-15
2412157650493202,SYNID0108041742,14211.0,D,2024-12-15
2412153470672995,SYNID0102047281,8049.12,C,2024-12-15
2412158606501976,SYNID0107097973,12429.86,C,2024-12-15
2412151634233641,SYNID0200535427,204972.0,D,2024-12-15
2412159049514724,SYNID0104853925,6125.61,C,2024-12-15
2412150143915569,SYNID0108112751,210.08,C,2024-12-15
2412153413760544,SYNID0108835333,26446.1,C,2024-12-15
2412152562398222,SYNID0100019645,1031.73,D,2024-12-15
2412154448029612,SYNID0200075142,38270.22,C,2024-12-15
2412153994401106,SYNID0107594313,52454.87,C,2024-12-15
2412153827283064,SYNID0105109460,16047.03,C,2024-12-15
2412155407514492,SYNID0106447550,1569.78,C,2024-12-15
2412152581498707,SYNID0109200002,531.58,C,2024-12-15
2412156984822017,SYNID0200567030,771740.94,C,2024-12-15
2412158234496649,SYNID0101690663,3793.7,C,2024-12-15
2412152983440283,SYNID0200846351,1918.61,C,2024-12-15
2412156089000418,SYNID0200254293,10158.08,D,2024-12-15
2412154004153990,SYNID0109745118,26914.54,D,2024-12-15
2412150063064628,SYNID0103837340,222.48,C,2024-12-15
2412154979981351,SYNID0200917657,3984.09,D,2024-12-15
2412150236335281,SYNID0200639063,20835.13,D,2024-12-15
2412156348217671,SYNID0200639063,17789.81,D,2024-12-15
2412152964523130,SYNID0106843919,1983.72,C,2024-12-15
2412150493339450,SYNID0108180847,23260.47,C,2024-12-15
2412159264528920,SYNID0106267975,13753.37,C,2024-12-15
2412158621055306,SYNID0101404125,400.45,C,2024-12-15
2412152796766021,SYNID0107998678,6922.83,D,2024-12-15
2412157077975363,SYNID0102815841,1561.33,D,2024-12-15
2412156885723702,SYNID0200045450,6334.27,D,2024-12-15
2412155469809952,SYNID0200500850,70089.39,D,2024-12-15
2412157493720750,SYNID0108011462,201.72,C,2024-12-15
2412153390290438,SYNID0104772429,12789.34,C,2024-12-15
2412152682235903,SYNID0200152600,589.61,C,2024-12-15
2412152901078714,SYNID0106881182,11810.14,C,2024-12-15
2412157449950306,SYNID0107230598,24625.11,C,2024-12-15
2412153201892234,SYNID0105474858,581.64,C,2024-12-15
2412154921663303,SYNID0105489595,14394.45,C,2024-12-15
2412150989902191,SYNID0105756256,3603.37,C,2024-12-15
2412151371787723,SYNID0200521470,20854.29,D,2024-12-15
2412155324604477,SYNID0100160928,66486.31,C,2024-12-15
2412159993964490,SYNID0200639789,259.66,C,2024-12-15
2412154648462992,SYNID0103753080,128.29,C,2024-12-15
2412154314557558,SYNID0200186508,281.16,C,2024-12-15
2412150076641991,SYNID0107482050,21182.73,C,2024-12-15
2412157113441637,SYNID0200917657,5803.34,D,2024-12-15
2412153089439317,SYNID0200393622,1556324.61,D,2024-12-15
2412156736674154,SYNID0109314944,310.39,D,2024-12-15
2412159710459928,SYNID0100060456,30368.22,C,2024-12-15
2412156033826406,SYNID0109243637,476.29,C,2024-12-15
2412152842779559,SYNID0200155033,4292.52,D,2024-12-15
2412157610979750,SYNID0103070426,7170.51,C,2024-12-15
2412158162364314,SYNID0106053075,2057.44,C,2024-12-15
2412151621397508,SYNID0104955153,31874.16,C,2024-12-15
2412152574940117,SYNID0105615015,1504.02,C,2024-12-15
2412155881303649,SYNID0109603444,3134.57,C,2024-12-15
2412159616500380,SYNID0108559839,376.81,C,2024-12-15
2412157535641496,SYNID0102040302,7742.62,D,2024-12-15
2412150400679905,SYNID0103818127,29200.39,C,2024-12-15
2412158436001859,SYNID0103513497,14163.65,C,2024-12-15
2412152096835998,SYNID0200117193,34607.03,D,2024-12-15
2412155821121326,SYNID0108062065,5270.68,C,2024-12-15
2412159268803409,SYNID0105411519,217.49,C,2024-12-15
2412151170164969,SYNID0200567030,6884.33,C,2024-12-15
2412156629286074,SYNID0200639063,31177.36,D,2024-12-15
2412155372381759,SYNID0104960761,221350.23,C,2024-12-15
2412159964047709,SYNID0101667142,299.7,C,2024-12-15
2412159957659410,SYNID0109288345,15575.32,C,2024-12-15
2412155402838240,SYNID0200876694,9702.12,D,2024-12-15
2412158793758178,SYNID0105503053,343.88,C,2024-12-15
2412150147529383,SYNID0200483554,1698.5,D,2024-12-15
2412159411132580,SYNID0109900405,356.18,C,2024-12-15
2412152675653469,SYNID0106083658,15397.68,C,2024-12-15
2412159997637205,SYNID0200494373,3507.0,C,2024-12-15
2412153886620967,SYNID0104480183,24505.44,C,2024-12-15
2412155508231444,SYNID0108077789,127517.18,D,2024-12-15
2412152477007070,SYNID0200096768,491.01,C,2024-12-15
2412155057966071,SYNID0108077789,1079.38,D,2024-12-15
2412155573585099,SYNID0108931521,7248.86,D,2024-12-15
2412159949425973,SYNID0103769648,17355.98,D,2024-12-15
2412157070821808,SYNID0102192490,1901.98,C,2024-12-15
2412150226183548,SYNID0108151720,1490.23,C,2024-12-15
2412150733053303,SYNID0107009468,12410.09,C,2024-12-15
2412151483765489,SYNID0200425258,16818.05,C,2024-12-15
2412158938416000,SYNID0200695990,25691.55,C,2024-12-15
2412151429896213,SYNID0200223705,20617.48,C,2024-12-15
2412161378887347,SYNID0200500737,9182.61,D,2024-12-16
2412162566671114,SYNID0108665432,1864.3,D,2024-12-16
2412164080805855,SYNID0101712671,50507.16,C,2024-12-16
2412162759193138,SYNID0200094495,1445.16,C,2024-12-16
2412163347163429,SYNID0200868532,9875.9,D,2024-12-16
2412168682166846,SYNID0107429249,8509.79,C,2024-12-16
2412169221619080,SYNID0109637903,5951.43,D,2024-12-16
2412166983594918,SYNID0200567030,17816.29,D,2024-12-16
2412169772653353,SYNID0200917657,5452.74,D,2024-12-16
2412160029807644,SYNID0200083234,5272.22,C,2024-12-16
2412164938284838,SYNID0200917657,9077.53,D,2024-12-16
2412161772845421,SYNID0107686604,6663.54,C,2024-12-16
2412160936528290,SYNID0200381116,769897.57,D,2024-12-16
2412165049923409,SYNID0200917657,5872.54,D,2024-12-16
2412169229193399,SYNID0200639063,49608.25,C,2024-12-16
2412169338622372,SYNID0200960414,60659.38,C,2024-12-16
2412163067840316,SYNID0200753953,157869.15,D,2024-12-16
2412167744217734,SYNID0200458593,82340.36,D,2024-12-16
2412163784504630,SYNID0106834461,755.54,C,2024-12-16
2412164938566625,SYNID0200126658,2346.39,D,2024-12-16
2412164241579458,SYNID0200224400,99.63,D,2024-12-16
2412162324992315,SYNID0200970806,5653.31,C,2024-12-16
2412164523860389,SYNID0200834607,1573745.6,C,2024-12-16
2412169505018953,SYNID0200366064,9901.64,C,2024-12-16
2412164442616870,SYNID0104363060,720.85,C,2024-12-16
2412167545102235,SYNID0200339918,20493.02,D,2024-12-16
2412163085866706,SYNID0200255943,240132.78,C,2024-12-16
2412166829717505,SYNID0200069339,5175.38,D,2024-12-16
2412163371934328,SYNID0100849358,304.93,C,2024-12-16
2412166766846959,SYNID0200345407,158809.24,D,2024-12-16
2412163310169183,SYNID0103850912,947.78,C,2024-12-16
2412161049493167,SYNID0102595118,260.82,C,2024-12-16
2412162215201935,SYNID0200155033,9879.03,C,2024-12-16
2412169264180332,SYNID0200639063,693.77,D,2024-12-16
2412165995152750,SYNID0200324957,14408.36,D,2024-12-16
2412161211969977,SYNID0200639063,38096.94,D,2024-12-16
2412164409560070,SYNID0200639063,1132.89,D,2024-12-16
2412166722542950,SYNID0200139807,1117.82,D,2024-12-16
2412163102061835,SYNID0100261467,3401.28,C,2024-12-16
2412165711690304,SYNID0100397396,5145.2,D,2024-12-16
2412168846723331,SYNID0200552733,7685.59,C,2024-12-16
2412163415328256,SYNID0200539259,36779.08,D,2024-12-16
2412168154798495,SYNID0200045450,552869.78,D,2024-12-16
2412160406243346,SYNID0200917657,2750.28,D,2024-12-16
2412166522801768,SYNID0107369002,5321.44,D,2024-12-16
2412163861957503,SYNID0109886602,1176.24,C,2024-12-16
2412166376146614,SYNID0200941063,12437.34,D,2024-12-16
2412171289648747,SYNID0200155033,12341.49,C,2024-12-17
2412176698970458,SYNID0100786525,670.98,C,2024-12-17
2412174466328864,SYNID0103150195,120112.08,D,2024-12-17
2412171514581807,SYNID0103665026,1492.11,C,2024-12-17
2412172168686035,SYNID0200917657,7229.26,D,2024-12-17
2412178060664409,SYNID0109129873,568.44,C,2024-12-17
2412174160061681,SYNID0104960761,2132.58,C,2024-12-17
2412171226076330,SYNID0108238572,337.72,C,2024-12-17
2412173746522243,SYNID0100222894,460.52,C,2024-12-17
2412172380290571,SYNID0104966702,1831.21,D,2024-12-17
2412179346998963,SYNID0109670710,357.96,C,2024-12-17
2412172425110992,SYNID0200017800,985442.72,C,2024-12-17
2412171187283727,SYNID0200939175,36150.26,D,2024-12-17
2412173618292396,SYNID0200494373,10423.15,D,2024-12-17
2412172480162413,SYNID0100019645,6209.84,D,2024-12-17
2412178688294666,SYNID0100801548,7053.57,C,2024-12-17
2412181394658097,SYNID0100458116,39549.96,C,2024-12-18
2412186333926163,SYNID0107438729,1711821.21,C,2024-12-18
2412182357434629,SYNID0200541246,44939.73,C,2024-12-18
2412187416376801,SYNID0102818817,4095.31,C,2024-12-18
2412180737038636,SYNID0101479210,26357.07,C,2024-12-18
2412185345458716,SYNID0107994840,2101.89,C,2024-12-18
2412181746030604,SYNID0105968755,28979.3,C,2024-12-18
2412186038635051,SYNID0103180628,1540.7,C,2024-12-18
2412182737598863,SYNID0109106731,228.19,C,2024-12-18
2412185224862896,SYNID0200494373,192301.65,D,2024-12-18
2412184624835727,SYNID0200919022,216524.23,C,2024-12-18
2412189668269889,SYNID0109858452,28201.94,C,2024-12-18
2412183297939585,SYNID0109338637,16628.03,D,2024-12-18
2412188847868267,SYNID0105436506,328.61,D,2024-12-18
2412181701463657,SYNID0101401795,37623.69,C,2024-12-18
2412182984569068,SYNID0200334610,71381.32,C,2024-12-18
2412185073032964,SYNID0101552116,4864.32,C,2024-12-18
2412185348932365,SYNID0104603980,617.41,C,2024-12-18
2412194702047127,SYNID0104343047,13888.46,C,2024-12-19
2412190675809239,SYNID0100264783,1547.5,C,2024-12-19
2412190952897124,SYNID0200770329,3551.12,C,2024-12-19
2412198738358534,SYNID0103771994,5940.34,C,2024-12-19
2412191927300382,SYNID0102386693,9304.29,C,2024-12-19
2412195909298519,SYNID0108484398,5585.64,D,2024-12-19
2412199570105347,SYNID0107630517,3001.65,C,2024-12-19
2412195925388052,SYNID0103513497,9164.45,C,2024-12-19
2412195587032757,SYNID0109510124,5529.67,D,2024-12-19
2412190597217658,SYNID0107279975,336.13,C,2024-12-19
2412198265878033,SYNID0200075142,52282.93,D,2024-12-19
2412195798721463,SYNID0200192167,3304.72,D,2024-12-19
2412197093072625,SYNID0107899704,4163.18,C,2024-12-19
2412191198877359,SYNID0103087275,2160.53,C,2024-12-19
2412192427565813,SYNID0104515436,1506.93,C,2024-12-19
2412196702672610,SYNID0101145286,10272.33,C,2024-12-19
2412192245343788,SYNID0104563551,37413.03,D,2024-12-19
2412191530199217,SYNID0200639063,30726.62,C,2024-12-19
2412190381694340,SYNID0200170062,19897.73,C,2024-12-19
2412194352703604,SYNID0108573627,13458.84,C,2024-12-19
2412192535539248,SYNID0106267794,5671.61,D,2024-12-19
2412195718829815,SYNID0102700216,34478.14,C,2024-12-19
2412198718010769,SYNID0101941743,9316.81,D,2024-12-19
2412198288020886,SYNID0103150195,51598.69,C,2024-12-19
2412197165097597,SYNID0200567030,2933.33,C,2024-12-19
2412199179165334,SYNID0104033793,5389.93,C,2024-12-19
2412198142072965,SYNID0104466963,68501.58,C,2024-12-19
2412190884919765,SYNID0200924084,12186.97,D,2024-12-19
2412192958500950,SYNID0100040148,309.17,C,2024-12-19
2412192326236902,SYNID0108112751,4151.76,C,2024-12-19
2412190712290739,SYNID0200578810,69720.62,D,2024-12-19
2412192287891016,SYNID0105285853,1307.74,D,2024-12-19
2412191742651241,SYNID0200538437,473186.26,C,2024-12-19
2412197562840178,SYNID0103488021,82.47,C,2024-12-19
2412194044626764,SYNID0108631517,13788.11,C,2024-12-19
2412190972816587,SYNID0105868876,12682.32,C,2024-12-19
2412197723084354,SYNID0106267975,25881.28,C,2024-12-19
2412195755404312,SYNID0109539837,538.13,D,2024-12-19
2412197721477108,SYNID0101807057,6461.37,D,2024-12-19
2412195470358255,SYNID0101420719,1391.65,C,2024-12-19
2412195889872407,SYNID0103973672,54.48,C,2024-12-19
2412190523434170,SYNID0105635317,1528.97,C,2024-12-19
2412196530931985,SYNID0108923276,12761.28,C,2024-12-19
2412192439059785,SYNID0100779321,20549.55,C,2024-12-19
2412192886831883,SYNID0104227665,6080.3,C,2024-12-19
2412192726894106,SYNID0107809895,3689.76,C,2024-12-19
2412198266978792,SYNID0200917657,3497.52,D,2024-12-19
2412192328345224,SYNID0107792167,143.29,C,2024-12-19
2412199714459770,SYNID0200673561,23061.68,C,2024-12-19
2412198978590306,SYNID0200740837,17686.25,C,2024-12-19
2412193607165218,SYNID0108681787,165.47,C,2024-12-19
2412198926386499,SYNID0101214410,182.07,C,2024-12-19
2412196793278109,SYNID0104379482,3088.59,C,2024-12-19
2412191875788440,SYNID0200428876,19541.47,D,2024-12-19
2412193952709634,SYNID0105186412,6817.03,D,2024-12-19
2412194056886151,SYNID0103833381,119142.45,C,2024-12-19
2412199685404985,SYNID0105729937,2169.36,C,2024-12-19
2412191855940367,SYNID0102809118,3353.79,C,2024-12-19
2412194514486094,SYNID0108516218,106240.57,C,2024-12-19
2412197534931808,SYNID0100643215,2774.45,C,2024-12-19
2412196390161338,SYNID0200779733,109616.24,C,2024-12-19
2412194017695341,SYNID0106626464,393.43,C,2024-12-19
2412196797874001,SYNID0200324957,623175.27,D,2024-12-19
2412194649928051,SYNID0200726612,1788.13,C,2024-12-19
2412191034414432,SYNID0107386057,24682.82,D,2024-12-19
2412191537297144,SYNID0104291648,14048.36,C,2024-12-19
2412193133239971,SYNID0104350648,1679.08,D,2024-12-19
2412199427192703,SYNID0103307238,542.45,C,2024-12-19
2412196063486388,SYNID0104683391,12220.42,C,2024-12-19
2412199955776079,SYNID0103009716,779.06,C,2024-12-19
2412194653324898,SYNID0102891633,7118.92,C,2024-12-19
2412196256953821,SYNID0100436534,5219.24,C,2024-12-19
2412199621485246,SYNID0107197165,1798.63,C,2024-12-19
2412195039262889,SYNID0108965670,308.83,C,2024-12-19
2412190351888066,SYNID0200918446,5082.81,C,2024-12-19
2412199460619383,SYNID0100340251,51837.57,D,2024-12-19
2412195130514699,SYNID0200467805,29096.83,C,2024-12-19
2412193180856709,SYNID0109139366,688.2,C,2024-12-19
2412191850410078,SYNID0200918446,23739.0,C,2024-12-19
2412195338100406,SYNID0108317889,2169.64,C,2024-12-19
2412207304578236,SYNID0200917657,639.62,D,2024-12-20
2412200836803519,SYNID0200917657,2994.13,D,2024-12-20
2412205127774175,SYNID0105305158,49364.51,C,2024-12-20
2412207808759868,SYNID0105132164,6353.02,D,2024-12-20
2412202143111091,SYNID0105976167,50.48,C,2024-12-20
2412200765275573,SYNID0107258445,3702.61,C,2024-12-20
2412206378877476,SYNID0200045450,26562.88,D,2024-12-20
2412207437705644,SYNID0103568592,3649.53,C,2024-12-20
2412208707078678,SYNID0200846950,143302.56,C,2024-12-20
2412208491454085,SYNID0200917657,3840.6,D,2024-12-20
2412209836338527,SYNID0200428876,11740.43,D,2024-12-20
2412206496489788,SYNID0102527502,719.97,C,2024-12-20
2412208075903476,SYNID0103576210,1580.04,C,2024-12-20
2412208471561277,SYNID0200876167,58405.0,D,2024-12-20
2412202066127048,SYNID0101904626,765.05,C,2024-12-20
2412207851261915,SYNID0103209395,40.58,C,2024-12-20
2412209514748724,SYNID0108942458,3665.7,C,2024-12-20
2412206692131964,SYNID0200428876,13927.45,C,2024-12-20
2412205478031212,SYNID0200106833,20305.21,C,2024-12-20
2412203527790347,SYNID0100677804,64312.58,C,2024-12-20
2412201217531469,SYNID0101206344,1466.02,C,2024-12-20
2412206487074899,SYNID0101874534,6764.98,C,2024-12-20
2412209493198394,SYNID0100590592,16061.59,D,2024-12-20
2412201704148865,SYNID0108198701,1707.07,C,2024-12-20
2412200304147038,SYNID0103585257,729.42,C,2024-12-20
2412202765913313,SYNID0104350648,2162.76,D,2024-12-20
2412205439439588,SYNID0107777202,177.53,D,2024-12-20
2412203306319378,SYNID0106995525,22039.58,C,2024-12-20
2412209818918064,SYNID0200188047,31276.16,C,2024-12-20
2412201239555547,SYNID0102402474,977.86,C,2024-12-20
2412204226357511,SYNID0109965452,585.53,C,2024-12-20
2412200520431109,SYNID0200411562,18867.0,C,2024-12-20
2412202048728886,SYNID0109129872,7095.57,D,2024-12-20
2412208809581747,SYNID0107809895,43732.38,C,2024-12-20
2412205895969154,SYNID0200917657,3488.77,D,2024-12-20
2412204503303923,SYNID0101350674,27563.37,D,2024-12-20
2412209428339938,SYNID0200712128,1434.76,C,2024-12-20
2412208180719876,SYNID0102223889,1929.17,C,2024-12-20
2412204195207518,SYNID0100893072,3387.01,C,2024-12-20
2412208441846483,SYNID0200538437,805.71,C,2024-12-20
2412206231219202,SYNID0108610318,9004.0,C,2024-12-20
2412205263084742,SYNID0200062673,21866.72,C,2024-12-20
2412204571992257,SYNID0108077789,1244.4,C,2024-12-20
2412204829542392,SYNID0102722459,12916.58,C,2024-12-20
2412208435609783,SYNID0105452155,2628.47,C,2024-12-20
2412200242611111,SYNID0104858304,9512.62,C,2024-12-20
2412207260433761,SYNID0102527302,2116.65,C,2024-12-20
2412205869025631,SYNID0103564499,529.13,C,2024-12-20
2412201906112204,SYNID0103532770,650.79,C,2024-12-20
2412208783094999,SYNID0105707329,1266.54,C,2024-12-20
2412201822180236,SYNID0103796340,8444.54,C,2024-12-20
2412206246493355,SYNID0102843119,2679.78,D,2024-12-20
2412201025833063,SYNID0104465425,990.22,C,2024-12-20
2412207523850221,SYNID0200335961,17193.75,D,2024-12-20
2412209249020755,SYNID0102386693,952755.42,D,2024-12-20
2412206365937741,SYNID0102431447,13403.06,C,2024-12-20
2412207644977893,SYNID0200855353,420026.68,D,2024-12-20
2412205218953320,SYNID0104876900,141.36,C,2024-12-20
2412201280988511,SYNID0106398087,2319.42,D,2024-12-20
2412200163124563,SYNID0200494373,72373.03,D,2024-12-20
2412202047169396,SYNID0200789296,11389.22,C,2024-12-20
2412201878138887,SYNID0100405020,1482.01,C,2024-12-20
2412205893908694,SYNID0102588841,1289.65,C,2024-12-20
2412209272591628,SYNID0102825999,1949.69,C,2024-12-20
2412208349484629,SYNID0107858233,964.49,C,2024-12-20
2412204268074195,SYNID0105332010,263.52,C,2024-12-20
2412200143901840,SYNID0103166870,15982.72,C,2024-12-20
2412201811874637,SYNID0200483554,44048.19,D,2024-12-20
2412201777005850,SYNID0200917657,3515.97,D,2024-12-20
2412201323761648,SYNID0109815622,6174.7,D,2024-12-20
2412202012710967,SYNID0104340116,264.7,C,2024-12-20
2412202184218099,SYNID0101449924,1115.18,C,2024-12-20
2412204291742875,SYNID0107959779,1530.6,C,2024-12-20
2412203568012841,SYNID0200917657,6021.21,D,2024-12-20
2412205275600169,SYNID0105268655,49.27,C,2024-12-20
2412205865597006,SYNID0109416756,5152.5,D,2024-12-20
2412207045697166,SYNID0200740837,750561.54,D,2024-12-20
2412204325538538,SYNID0200740837,69234.16,D,2024-12-20
2412203633039087,SYNID0105818471,1006.03,C,2024-12-20
2412205322932298,SYNID0200917657,2169.46,D,2024-12-20
2412201906342718,SYNID0103341959,3069.24,C,2024-12-20
2412202749939119,SYNID0100786525,54455.08,D,2024-12-20
2412200832458471,SYNID0102040302,11986.64,C,2024-12-20
2412208297927034,SYNID0200917657,694.99,D,2024-12-20
2412205940467233,SYNID0101452404,2034300.13,C,2024-12-20
2412205387653283,SYNID0104845603,49.41,C,2024-12-20
2412204790327483,SYNID0200521470,50546.28,D,2024-12-20
2412206792736705,SYNID0200612441,5249.76,C,2024-12-20
2412208135622734,SYNID0107490609,1948.54,C,2024-12-20
2412209121287517,SYNID0100417682,333.12,C,2024-12-20
2412209231999991,SYNID0200917657,1011.08,D,2024-12-20
2412201397190316,SYNID0108782134,4573.5,D,2024-12-20
2412207639468696,SYNID0200903625,967.29,C,2024-12-20
2412204830699939,SYNID0101959303,2043.66,C,2024-12-20
2412200767718925,SYNID0101741720,356.59,C,2024-12-20
2412202180913120,SYNID0103287506,50.37,C,2024-12-20
2412206551279775,SYNID0200845936,20873.4,C,2024-12-20
2412206158560313,SYNID0200286501,105963.02,D,2024-12-20
2412206749270055,SYNID0200170062,14038.36,C,2024-12-20
2412206689220118,SYNID0101793742,8321.56,C,2024-12-20
2412208544759804,SYNID0107244309,42275.76,D,2024-12-20
2412205533198836,SYNID0200437114,28896.07,C,2024-12-20
2412201041644726,SYNID0104106561,274.3,C,2024-12-20
2412205441857385,SYNID0102427007,388758.66,D,2024-12-20
2412202422929541,SYNID0200917657,2548.76,D,2024-12-20
2412206869994711,SYNID0200568279,482112.93,C,2024-12-20
2412206591120784,SYNID0200567030,8311015.83,C,2024-12-20
2412209368240412,SYNID0200917657,3659.58,D,2024-12-20
2412219959698509,SYNID0200639063,3115.83,D,2024-12-21
2412214298542152,SYNID0106429549,2710.66,C,2024-12-21
2412216199512498,SYNID0102790574,17112.25,C,2024-12-21
2412215241278628,SYNID0200567030,161397.24,C,2024-12-21
2412212414280195,SYNID0200846351,7113.28,D,2024-12-21
2412215240583374,SYNID0106085792,1047.79,C,2024-12-21
2412210464865315,SYNID0200541246,514.41,C,2024-12-21
2412214708407599,SYNID0105714227,5823.09,C,2024-12-21
2412213463058922,SYNID0200919022,7408.53,D,2024-12-21
2412216125418374,SYNID0200500273,2872.48,C,2024-12-21
2412217202785395,SYNID0102431447,305.36,C,2024-12-21
2412216014027301,SYNID0107331162,394.61,C,2024-12-21
2412219053564128,SYNID0109951863,3948.45,C,2024-12-21
2412211413689692,SYNID0200795823,35954.29,D,2024-12-21
2412212268273217,SYNID0101565476,46.04,C,2024-12-21
2412213564209213,SYNID0101825066,1695.6,C,2024-12-21
2412217757842660,SYNID0200970806,76613.96,C,2024-12-21
2412214602578231,SYNID0200834607,1231.43,D,2024-12-21
2412218575568596,SYNID0200428876,420.85,C,2024-12-21
2412210799702391,SYNID0200488915,16954.93,C,2024-12-21
2412218205362125,SYNID0106171599,13197.62,C,2024-12-21
2412210489880546,SYNID0200582794,9824.4,D,2024-12-21
2412213771795112,SYNID0104147282,412.09,C,2024-12-21
2412217724692082,SYNID0200324957,5529.28,D,2024-12-21
2412213796234510,SYNID0200833348,29950.36,C,2024-12-21
2412215980261712,SYNID0109641757,387.12,C,2024-12-21
2412216439117399,SYNID0200281115,312064.49,D,2024-12-21
2412216367616496,SYNID0108558587,1635.13,C,2024-12-21
2412217110422210,SYNID0200494373,288351.32,D,2024-12-21
2412212463703828,SYNID0200494373,5837.16,C,2024-12-21
2412214007267278,SYNID0200117193,184006.08,D,2024-12-21
2412215408177502,SYNID0200117193,12304.77,D,2024-12-21
2412214309289436,SYNID0200057370,6645804.23,C,2024-12-21
2412219837623485,SYNID0200345105,625355.98,D,2024-12-21
2412211468918648,SYNID0106504616,21025.24,C,2024-12-21
2412210009668625,SYNID0103459799,1373.99,C,2024-12-21
2412211981679706,SYNID0200917657,560.45,D,2024-12-21
2412216813184656,SYNID0108121913,1024.18,C,2024-12-21
2412213300892838,SYNID0200917657,9351.2,D,2024-12-21
2412214236669964,SYNID0200917657,2204.05,D,2024-12-21
2412213397320302,SYNID0103555730,9314.28,C,2024-12-21
2412219961738090,SYNID0106705841,7151.24,D,2024-12-21
2412217092471408,SYNID0100477810,115296.09,C,2024-12-21
2412214599560909,SYNID0200917657,2756.64,D,2024-12-21
2412219643840013,SYNID0200818631,30307.27,D,2024-12-21
2412216962000203,SYNID0200917657,1033.25,D,2024-12-21
2412211859824405,SYNID0109129873,1433.04,C,2024-12-21
2412210943140194,SYNID0200622457,176025.82,D,2024-12-21
2412211209588464,SYNID0200101140,50861.24,C,2024-12-21
2412214242236302,SYNID0105971716,45.41,C,2024-12-21
2412215352914361,SYNID0108145877,505.19,C,2024-12-21
2412214843161992,SYNID0107202671,10261.7,C,2024-12-21
2412213092388197,SYNID0103707538,4945.93,D,2024-12-21
2412217901435190,SYNID0102233582,43.84,C,2024-12-21
2412215093334689,SYNID0101588515,373.56,C,2024-12-21
2412210881072850,SYNID0200917657,2712.81,D,2024-12-21
2412214315295874,SYNID0104960761,687.8,C,2024-12-21
2412210458777574,SYNID0107588495,695.92,C,2024-12-21
2412218774310833,SYNID0103976270,14794.78,D,2024-12-21
2412211852314992,SYNID0108949835,1825.86,C,2024-12-21
2412212800088156,SYNID0109628511,1324.09,C,2024-12-21
2412211093330285,SYNID0101544246,3232.87,C,2024-12-21
2412214299536094,SYNID0106750832,2159.34,C,2024-12-21
2412216978398397,SYNID0104974389,4477.51,C,2024-12-21
2412216663446839,SYNID0109217266,41.53,C,2024-12-21
2412219619221203,SYNID0200917657,1265.38,D,2024-12-21
2412212130176498,SYNID0108741070,630.52,C,2024-12-21
2412218233584014,SYNID0104723093,70218.48,C,2024-12-21
2412214928007616,SYNID0100236234,6877.42,C,2024-12-21
2412213367179142,SYNID0100166682,374.55,C,2024-12-21
2412214474646605,SYNID0107427748,851.32,C,2024-12-21
2412211284625287,SYNID0101008215,6525.53,C,2024-12-21
2412211150606255,SYNID0108782134,176.32,D,2024-12-21
2412212951760619,SYNID0102367259,480.64,C,2024-12-21
2412214498378231,SYNID0200917657,3406.26,D,2024-12-21
2412216287348822,SYNID0104960761,286.04,C,2024-12-21
2412217045116423,SYNID0107156281,548.54,C,2024-12-21
2412210085167294,SYNID0109683381,272.02,C,2024-12-21
2412219812027345,SYNID0200917657,1181.64,D,2024-12-21
2412227845634978,SYNID0200165689,3666.0,D,2024-12-22
2412227566139659,SYNID0200903625,2924.58,D,2024-12-22
2412228918725212,SYNID0200917657,359.11,D,2024-12-22
2412223018058383,SYNID0109775352,18389.05,C,2024-12-22
2412221859146587,SYNID0101145286,793.36,C,2024-12-22
2412220113873052,SYNID0109221861,1569.36,C,2024-12-22
2412226495498199,SYNID0104843617,11337.06,D,2024-12-22
2412223722601267,SYNID0200931901,2801.05,D,2024-12-22
2412224755327518,SYNID0200354978,2135.12,C,2024-12-22
2412226091456122,SYNID0107648440,49732.98,D,2024-12-22
2412225251574733,SYNID0109071872,531.47,C,2024-12-22
2412227593346963,SYNID0100836672,395.89,C,2024-12-22
2412227542738727,SYNID0101481814,23865.88,D,2024-12-22
2412223237606572,SYNID0200447063,1340.38,D,2024-12-22
2412228814979474,SYNID0104423303,379.07,C,2024-12-22
2412226188984355,SYNID0200635157,9253.01,D,2024-12-22
2412225117804143,SYNID0106640692,10513.22,C,2024-12-22
2412220836826679,SYNID0103597745,1528.18,C,2024-12-22
2412228975987301,SYNID0200436086,46014.85,C,2024-12-22
2412226180096020,SYNID0200354978,5973.33,C,2024-12-22
2412223464543079,SYNID0200719252,313.73,C,2024-12-22
2412229585790494,SYNID0200917657,1540.51,D,2024-12-22
2412222028342454,SYNID0200973678,19188.47,C,2024-12-22
2412222867465765,SYNID0200855353,5284.75,D,2024-12-22
2412229359813123,SYNID0200744303,409788.81,C,2024-12-22
2412220835622123,SYNID0108769446,24237.7,C,2024-12-22
2412222772977056,SYNID0104592403,1463.71,C,2024-12-22
2412222418127042,SYNID0200917657,2772.25,D,2024-12-22
2412229277363751,SYNID0200631322,56859.08,C,2024-12-22
2412220652757342,SYNID0200757164,1671.6,D,2024-12-22
2412222805664537,SYNID0200539259,13153.3,C,2024-12-22
2412225020397937,SYNID0108077789,1518.51,C,2024-12-22
2412222402647905,SYNID0200765119,10754.8,D,2024-12-22
2412229856165955,SYNID0200582794,35301.44,D,2024-12-22
2412222854244811,SYNID0200582794,61977.71,C,2024-12-22
2412227928370615,SYNID0200459483,7936.82,C,2024-12-22
2412226041419839,SYNID0200917657,1896.99,D,2024-12-22
2412223724217493,SYNID0200917657,3740.59,D,2024-12-22
2412224375791150,SYNID0200917657,132.37,D,2024-12-22
2412228769613921,SYNID0200917657,3158.33,D,2024-12-22
2412226404385978,SYNID0200791566,5204.68,D,2024-12-22
2412220845743319,SYNID0200917657,2909.99,D,2024-12-22
2412225513094697,SYNID0108201211,538.37,C,2024-12-22
2412223591473135,SYNID0101528583,571.41,C,2024-12-22
2412225733453836,SYNID0109402163,541.88,D,2024-12-22
2412223861892798,SYNID0105364046,108800.39,C,2024-12-22
2412223389918900,SYNID0109078111,2098.42,C,2024-12-22
2412228669353077,SYNID0103903652,12615.71,C,2024-12-22
2412229733484826,SYNID0200917657,3493.08,D,2024-12-22
2412224720183957,SYNID0200917657,1123.95,D,2024-12-22
2412228747685550,SYNID0200917657,3333.66,D,2024-12-22
2412227170991498,SYNID0200639063,8835.95,C,2024-12-22
2412220826950177,SYNID0200692246,19555.48,D,2024-12-22
2412228726624439,SYNID0109072488,1558.21,C,2024-12-22
2412221703915553,SYNID0200639063,106968.62,D,2024-12-22
2412222802056988,SYNID0102065561,1001.63,C,2024-12-22
2412228045760332,SYNID0200942069,573.57,C,2024-12-22
2412229198799822,SYNID0200917657,2733.4,D,2024-12-22
2412225051972156,SYNID0200494373,91733.56,C,2024-12-22
2412226117183948,SYNID0200900513,15606.99,C,2024-12-22
2412223245926966,SYNID0200489818,64959.69,D,2024-12-22
2412224826471749,SYNID0200326842,29488.26,C,2024-12-22
2412228869245512,SYNID0200853842,4299.76,D,2024-12-22
2412220469464681,SYNID0200567030,3346.47,D,2024-12-22
2412225117272565,SYNID0200567030,3533.67,D,2024-12-22
2412222972256626,SYNID0200567030,4024.1,C,2024-12-22
2412224347179166,SYNID0101234011,1278.84,C,2024-12-22
2412227883860480,SYNID0100076341,751.4,C,2024-12-22
2412229957027499,SYNID0200186157,67587.64,C,2024-12-22
2412225568584044,SYNID0103503760,91973.09,C,2024-12-22
2412229445376163,SYNID0200917657,3548.01,D,2024-12-22
2412225032490973,SYNID0200377163,530.49,D,2024-12-22
2412227261574886,SYNID0102998574,1849.12,C,2024-12-22
2412221424506361,SYNID0108943464,612.15,C,2024-12-22
2412222599644088,SYNID0200845936,14303.72,D,2024-12-22
2412221507053154,SYNID0200924084,5516.64,C,2024-12-22
2412224247355128,SYNID0200567030,2267.98,C,2024-12-22
2412222135915072,SYNID0105109460,968.25,C,2024-12-22
2412223013220976,SYNID0101369490,6488.16,C,2024-12-22
2412220465893461,SYNID0107562467,528.66,D,2024-12-22
2412221176836918,SYNID0108887169,414.32,C,2024-12-22
2412232946333266,SYNID0200917657,108.55,D,2024-12-23
2412231831724975,SYNID0200917657,55.6,D,2024-12-23
2412233222861431,SYNID0200002728,8124.97,C,2024-12-23
2412233926852045,SYNID0200917657,5693.54,D,2024-12-23
2412233826536638,SYNID0200917657,271.88,D,2024-12-23
2412236381298608,SYNID0200917657,5137.52,D,2024-12-23
2412232286221849,SYNID0200326842,2082.46,D,2024-12-23
2412230834764007,SYNID0200045450,24407.07,C,2024-12-23
2412230974526332,SYNID0104864975,10766.28,C,2024-12-23
2412238620155921,SYNID0200538935,3440.72,D,2024-12-23
2412231111405169,SYNID0200045450,13965.98,C,2024-12-23
2412230087838099,SYNID0200188183,2164.83,C,2024-12-23
2412236431500673,SYNID0200917657,1262.52,D,2024-12-23
2412230259706560,SYNID0200917657,5095.88,D,2024-12-23
2412236311034404,SYNID0200917657,493.31,D,2024-12-23
2412232741110380,SYNID0200917657,1205.4,D,2024-12-23
2412236613907638,SYNID0200101124,1848222.49,C,2024-12-23
2412236342225127,SYNID0200640961,70744.97,C,2024-12-23
2412239682930358,SYNID0200639063,4670.39,C,2024-12-23
2412235550787762,SYNID0200639063,7463.35,D,2024-12-23
2412239665234719,SYNID0200834867,85755.19,C,2024-12-23
2412239324844464,SYNID0200917657,2023.14,D,2024-12-23
2412238886201001,SYNID0200221860,210320.77,D,2024-12-23
2412239917281162,SYNID0103341959,11857.24,C,2024-12-23
2412237104818020,SYNID0200917657,134.11,D,2024-12-23
2412237158384213,SYNID0200582794,11132.08,D,2024-12-23
2412234045038153,SYNID0200639063,25037.36,D,2024-12-23
2412234900935245,SYNID0200396136,6999.3,C,2024-12-23
2412234449852789,SYNID0200917657,3421.02,D,2024-12-23
2412230867718120,SYNID0200170062,2466.21,D,2024-12-23
2412237452959107,SYNID0200170062,8767.11,D,2024-12-23
2412237174092534,SYNID0200941063,62658.21,C,2024-12-23
2412235838758905,SYNID0200917657,802.71,D,2024-12-23
2412230053364671,SYNID0101551069,4391.88,C,2024-12-23
2412236284067652,SYNID0200224400,16333.58,C,2024-12-23
2412231171511225,SYNID0200428876,250.81,C,2024-12-23
2412232583062760,SYNID0200428876,10613.21,D,2024-12-23
2412238630739907,SYNID0200917657,738.32,D,2024-12-23
2412238077721395,SYNID0200726612,9530.94,D,2024-12-23
2412236047821124,SYNID0200494499,10421.37,D,2024-12-23
2412236631134288,SYNID0200494373,54342.47,C,2024-12-23
2412235025753418,SYNID0200494373,5324.89,D,2024-12-23
2412234100766572,SYNID0105624869,357.36,C,2024-12-23
2412235788504549,SYNID0200117193,359720.71,C,2024-12-23
2412237297215935,SYNID0200117193,10732.91,C,2024-12-23
2412237384449768,SYNID0200593915,60268.97,D,2024-12-23
2412234734576198,SYNID0200007635,15476.69,D,2024-12-23
2412244334975174,SYNID0102040302,5865.92,D,2024-12-24
2412247392390406,SYNID0108145877,713.19,C,2024-12-24
2412245708744514,SYNID0103517819,11881.03,C,2024-12-24
2412244047039091,SYNID0108330779,1177.01,C,2024-12-24
2412248490667645,SYNID0102832300,4186.74,D,2024-12-24
2412246580283718,SYNID0100008961,9865.54,C,2024-12-24
2412240297462350,SYNID0106124641,1782.73,C,2024-12-24
2412242346890251,SYNID0106436314,1605.8,C,2024-12-24
2412242832447176,SYNID0109359331,493.52,C,2024-12-24
2412243531132147,SYNID0103399695,1648.54,C,2024-12-24
2412240718677988,SYNID0200588379,2057.65,D,2024-12-24
2412247161630634,SYNID0108988346,3555.22,C,2024-12-24
2412248846725321,SYNID0200521470,6503.74,D,2024-12-24
2412240756883019,SYNID0103139898,641.19,C,2024-12-24
2412240029359720,SYNID0108317889,45946.8,C,2024-12-24
2412256439719706,SYNID0200917657,2598.79,C,2024-12-25
2412251318768247,SYNID0100164154,224.84,C,2024-12-25
2412255318887074,SYNID0103389937,3896.45,C,2024-12-25
2412260996063956,SYNID0200917657,3627.84,D,2024-12-26
2412268929323710,SYNID0200221860,59877.73,D,2024-12-26
2412262055516524,SYNID0200917657,3542.63,D,2024-12-26
2412269241670551,SYNID0106280396,4301.14,C,2024-12-26
2412269247677108,SYNID0108109770,203.22,D,2024-12-26
2412263225903795,SYNID0200361721,12457.08,D,2024-12-26
2412275553402970,SYNID0106936097,5220.32,C,2024-12-27
2412276793830083,SYNID0106995525,11456.85,C,2024-12-27
2412273128057637,SYNID0109247507,11428.96,C,2024-12-27
2412277833445343,SYNID0200408886,1843071.75,C,2024-12-27
2412277341141224,SYNID0108339560,88.99,C,2024-12-27
2412271461967728,SYNID0108887169,11277.95,C,2024-12-27
2412279942738376,SYNID0105223126,3217.64,C,2024-12-27
2412273116024039,SYNID0107202671,9246.2,C,2024-12-27
2412279634066077,SYNID0107994140,1034.38,C,2024-12-27
2412273389086050,SYNID0106867192,14026.22,D,2024-12-27
2412272889991424,SYNID0109433108,103.5,C,2024-12-27
2412270739227717,SYNID0200354615,282929.19,D,2024-12-27
2412275233736231,SYNID0200367458,3163.07,D,2024-12-27
2412273952116933,SYNID0103438285,1050.73,C,2024-12-27
2412279838325869,SYNID0102321386,343.58,D,2024-12-27
2412270746030052,SYNID0101452404,21168.72,C,2024-12-27
2412272210320751,SYNID0104528041,10467.54,C,2024-12-27
2412273522669879,SYNID0107097973,172.58,C,2024-12-27
2412279723399550,SYNID0109180950,385.23,C,2024-12-27
2412278289222683,SYNID0109667958,44.21,C,2024-12-27
2412272736862417,SYNID0105445624,2070.48,C,2024-12-27
2412270336404428,SYNID0200917657,44004.63,D,2024-12-27
2412271063385962,SYNID0200639063,610.0,D,2024-12-27
2412272725255700,SYNID0109219783,2179486.87,C,2024-12-27
2412274515486467,SYNID0108550119,442.25,C,2024-12-27
2412278990105921,SYNID0107130050,8984.19,C,2024-12-27
2412272815266261,SYNID0107105366,35116.83,C,2024-12-27
2412286507533297,SYNID0101605937,2274.21,C,2024-12-28
2412286745960822,SYNID0108036747,26007.99,C,2024-12-28
2412289118287128,SYNID0105924462,3599.5,C,2024-12-28
2412285218289283,SYNID0200531195,10273.07,D,2024-12-28
2412280985637432,SYNID0100360968,766.87,C,2024-12-28
2412281443423127,SYNID0103307238,2128.96,C,2024-12-28
2412285220592869,SYNID0200837172,1969.79,C,2024-12-28
2412281326224743,SYNID0104844487,194.37,D,2024-12-28
2412281780394449,SYNID0200119386,7103.46,D,2024-12-28
2412286427161671,SYNID0102677109,3210.9,C,2024-12-28
2412281017476646,SYNID0200555315,1650.2,C,2024-12-28
2412283135190964,SYNID0200642008,2812.56,D,2024-12-28
2412288911122718,SYNID0102808247,190.41,C,2024-12-28
2412284023194572,SYNID0200917657,1238.59,D,2024-12-28
2412286840426817,SYNID0200917657,4384.7,D,2024-12-28
2412284690587775,SYNID0102592181,715.69,C,2024-12-28
2412288139773729,SYNID0200942069,2837.9,C,2024-12-28
2412289605732713,SYNID0200608559,76803.56,C,2024-12-28
2412280648449130,SYNID0106142344,151.58,C,2024-12-28
2412287876349244,SYNID0200172422,56588.5,C,2024-12-28
2412282812984036,SYNID0105624869,50388.34,D,2024-12-28
2412288439121415,SYNID0200263267,2229441.21,C,2024-12-28
2412287449338959,SYNID0101282048,15004.21,C,2024-12-28
2412285061973816,SYNID0107329847,1683.78,C,2024-12-28
2412280492791533,SYNID0108036747,47.88,C,2024-12-28
2412285769426011,SYNID0100845389,579.51,D,2024-12-28
2412282844882917,SYNID0105670815,1660.16,C,2024-12-28
2412285591337262,SYNID0200521470,28325.42,D,2024-12-28
2412280543926222,SYNID0107654293,529.41,C,2024-12-28
2412285230481965,SYNID0200552733,39297.62,C,2024-12-28
2412289653672172,SYNID0200917657,2910.51,D,2024-12-28
2412280436793267,SYNID0104138109,11086.26,C,2024-12-28
2412282020660160,SYNID0107139203,2431.96,C,2024-12-28
2412280705168290,SYNID0200917657,3294.45,D,2024-12-28
2412287469624127,SYNID0106840952,5381.69,C,2024-12-28
2412283837637813,SYNID0200917657,527.0,D,2024-12-28
2412283261478501,SYNID0200461355,16286.95,D,2024-12-28
2412286441058657,SYNID0200917657,489.95,D,2024-12-28
2412285332448746,SYNID0100370194,4585.72,D,2024-12-28
2412288820683581,SYNID0105988724,11210.98,C,2024-12-28
2412288203302806,SYNID0200791566,9957.61,C,2024-12-28
2412283610674079,SYNID0200950065,4447.72,D,2024-12-28
2412282443041000,SYNID0200369865,1430.72,D,2024-12-28
2412286164965962,SYNID0103579993,2107.33,C,2024-12-28
2412286968347155,SYNID0101652147,1614.4,C,2024-12-28
2412282570646333,SYNID0102047281,218.94,C,2024-12-28
2412280281230755,SYNID0101813501,4187.54,C,2024-12-28
2412283254004361,SYNID0100846730,16060.87,C,2024-12-28
2412286533980209,SYNID0102254735,352.03,C,2024-12-28
2412282311828325,SYNID0200396136,95526.08,D,2024-12-28
2412287398314449,SYNID0108142965,9845.99,C,2024-12-28
2412281329462267,SYNID0200396136,605.63,D,2024-12-28
2412289841460318,SYNID0105776196,8440.15,C,2024-12-28
2412285539574060,SYNID0107000546,1659.39,D,2024-12-28
2412289055309609,SYNID0200522327,16078.74,C,2024-12-28
2412288341993077,SYNID0100140803,52173.17,D,2024-12-28
2412286186277584,SYNID0108471787,9641.35,D,2024-12-28
2412281046822663,SYNID0104731818,10914.59,C,2024-12-28
2412289594369682,SYNID0200345105,35940.35,C,2024-12-28
2412283179959851,SYNID0105844533,2628.18,C,2024-12-28
2412281175328968,SYNID0200834607,28888.07,D,2024-12-28
2412284412522133,SYNID0107244193,10164.86,D,2024-12-28
2412289362341598,SYNID0100765344,12020.35,C,2024-12-28
2412284222927987,SYNID0107087414,383.77,C,2024-12-28
2412288969107925,SYNID0105293942,9897.76,C,2024-12-28
2412282223290940,SYNID0109373328,3072.22,C,2024-12-28
2412284105439239,SYNID0200834607,10558.66,C,2024-12-28
2412287720929989,SYNID0200640961,64489.95,C,2024-12-28
2412284634214768,SYNID0105573438,964.73,D,2024-12-28
2412288945086908,SYNID0107928360,387.39,C,2024-12-28
2412281015933240,SYNID0102187808,16005.19,C,2024-12-28
2412287326852971,SYNID0100172224,3185.02,C,2024-12-28
2412282743722942,SYNID0109937879,281.29,C,2024-12-28
2412284779025265,SYNID0107764003,102023.91,C,2024-12-28
2412289209072510,SYNID0200917657,4227.47,D,2024-12-28
2412283224792765,SYNID0200846351,342639.78,D,2024-12-28
2412286506660772,SYNID0106282109,550.94,C,2024-12-28
2412285626976251,SYNID0101313283,5391.73,C,2024-12-28
2412282221688046,SYNID0105503288,13089.56,C,2024-12-28
2412286510497151,SYNID0107755707,7973.81,D,2024-12-28
2412285274737749,SYNID0200032850,2809.73,C,2024-12-28
2412284104924898,SYNID0109178562,1830.56,C,2024-12-28
2412282692541098,SYNID0104844487,359.83,C,2024-12-28
2412286233852835,SYNID0104435699,9556.78,C,2024-12-28
2412287687702891,SYNID0107157940,11143.69,D,2024-12-28
2412289823763699,SYNID0100264783,1087.27,D,2024-12-28
2412283193469987,SYNID0200017800,371819.6,D,2024-12-28
2412285182855386,SYNID0107999401,16918.12,C,2024-12-28
2412282389459519,SYNID0100088611,2821.11,C,2024-12-28
2412289617309261,SYNID0108583299,6095.05,D,2024-12-28
2412287560386887,SYNID0108009908,52585.72,D,2024-12-28
2412296468276146,SYNID0107688910,280.24,D,2024-12-29
2412292956382090,SYNID0200917657,850.01,D,2024-12-29
2412298484701922,SYNID0200192167,11040.86,D,2024-12-29
2412292846787850,SYNID0104560838,646.62,D,2024-12-29
2412298006793342,SYNID0100855304,706.27,C,2024-12-29
2412298995868904,SYNID0107398538,3808.0,C,2024-12-29
2412299557276198,SYNID0200020394,4168.1,C,2024-12-29
2412292617587040,SYNID0200881262,939.72,C,2024-12-29
2412290075096094,SYNID0200317311,60134.81,C,2024-12-29
2412294198269941,SYNID0200917657,2180.86,D,2024-12-29
2412299030671360,SYNID0106242361,641.88,D,2024-12-29
2412299297281611,SYNID0200917657,835.25,D,2024-12-29
2412293578095840,SYNID0108269701,2139.94,C,2024-12-29
2412294279848962,SYNID0104689556,1703.43,D,2024-12-29
2412298448301082,SYNID0104211588,5151.87,C,2024-12-29
2412290099418152,SYNID0108184900,5525.11,C,2024-12-29
2412299535323372,SYNID0106280396,59114.91,D,2024-12-29
2412295293460146,SYNID0104261921,1081.72,C,2024-12-29
2412295702680090,SYNID0109217266,1356.54,C,2024-12-29
2412295407820386,SYNID0100199610,10578.5,C,2024-12-29
2412297454452755,SYNID0200521470,51617.01,D,2024-12-29
2412298119025258,SYNID0200539259,20311.62,C,2024-12-29
2412299008281994,SYNID0104911548,7084.84,C,2024-12-29
2412299425696826,SYNID0103884724,1599.83,C,2024-12-29
2412299332404784,SYNID0103811319,523.83,C,2024-12-29
2412298901142231,SYNID0100374565,2118.62,C,2024-12-29
2412296132843115,SYNID0200192167,626.64,D,2024-12-29
2412292261721418,SYNID0100085002,5449.36,C,2024-12-29
2412298595925483,SYNID0200341758,37098.08,C,2024-12-29
2412290766172523,SYNID0200683183,381568.27,C,2024-12-29
2412293578233803,SYNID0200341758,1699.11,D,2024-12-29
2412298177411996,SYNID0200375148,756.13,C,2024-12-29
2412290011218907,SYNID0105918084,33966.83,C,2024-12-29
2412296984138290,SYNID0102847516,2095.98,C,2024-12-29
2412291362512875,SYNID0108228099,1134.77,C,2024-12-29
2412291899216542,SYNID0200908516,28459.57,D,2024-12-29
2412290439442404,SYNID0200639063,2324.12,D,2024-12-29
2412299133843069,SYNID0200639063,1550.7,C,2024-12-29
2412290945951869,SYNID0109678581,5636.09,D,2024-12-29
2412295764256161,SYNID0104641250,611.23,D,2024-12-29
2412290275619792,SYNID0200806649,60747.06,C,2024-12-29
2412292364515656,SYNID0200224179,3492.89,C,2024-12-29
2412292742936108,SYNID0104891015,2084.98,C,2024-12-29
2412299106995540,SYNID0108074963,1017.35,C,2024-12-29
2412299667251928,SYNID0200642224,11562.57,C,2024-12-29
2412294786517591,SYNID0108387002,248.45,C,2024-12-29
2412294503409812,SYNID0106124641,7401.27,C,2024-12-29
2412291711916672,SYNID0101821728,529.54,C,2024-12-29
2412290691634605,SYNID0109846974,11524.86,D,2024-12-29
2412298485772270,SYNID0107453141,2012.14,C,2024-12-29
2412294663003093,SYNID0106833887,257.91,C,2024-12-29
2412296604885675,SYNID0103507007,10680.99,C,2024-12-29
2412293170902060,SYNID0200363017,56903.85,D,2024-12-29
2412290680657239,SYNID0103695030,6871.77,C,2024-12-29
2412296421268840,SYNID0200101140,957.87,C,2024-12-29
2412295144069407,SYNID0101813501,10901.62,D,2024-12-29
2412296821898240,SYNID0101696534,6707.48,D,2024-12-29
2412294433210389,SYNID0108703289,872.9,C,2024-12-29
2412290664554971,SYNID0106978474,4923.08,C,2024-12-29
2412294743683460,SYNID0106172238,1816.5,C,2024-12-29
2412294714318338,SYNID0102431447,795.53,C,2024-12-29
2412299716245209,SYNID0200639063,64047.41,D,2024-12-29
2412299908922081,SYNID0200939175,2821.48,C,2024-12-29
2412297788967794,SYNID0200639063,41421.91,C,2024-12-29
2412299240853107,SYNID0200639063,3430.84,D,2024-12-29
2412291870178116,SYNID0102617479,33468.44,D,2024-12-29
2412291278661473,SYNID0200917657,592.16,D,2024-12-29
2412295572363265,SYNID0200917657,3510.45,D,2024-12-29
2412291570698609,SYNID0200917657,4145.08,D,2024-12-29
2412296645794005,SYNID0100733398,5866.07,C,2024-12-29
2412296477762725,SYNID0200045450,49890.1,C,2024-12-29
2412295951279601,SYNID0200917657,796.9,D,2024-12-29
2412293180883137,SYNID0106309334,2265.31,C,2024-12-29
2412291622851719,SYNID0200117193,23471.37,D,2024-12-29
2412293224670784,SYNID0200243065,7024.98,D,2024-12-29
2412290104150690,SYNID0100834290,12364.65,C,2024-12-29
2412291165083593,SYNID0200917657,684.57,D,2024-12-29
2412292092621552,SYNID0200917657,7970.87,D,2024-12-29
2412296442131357,SYNID0200917657,1654.48,D,2024-12-29
2412296634940769,SYNID0200045450,155159.01,D,2024-12-29
2412296869969313,SYNID0104076079,10565.79,C,2024-12-29
2412293378300274,SYNID0102659145,2132.64,C,2024-12-29
2412297946826742,SYNID0109876397,187.21,D,2024-12-29
2412295609964725,SYNID0200045450,30186.43,D,2024-12-29
2412293506563613,SYNID0102204853,2043.0,C,2024-12-29
2412291272843269,SYNID0200917657,6527.75,D,2024-12-29
2412302526990063,SYNID0100199610,951.14,C,2024-12-30
2412302806145272,SYNID0200490486,6369.58,C,2024-12-30
2412301928558975,SYNID0107348866,11985.05,C,2024-12-30
2412303475953980,SYNID0109178562,12357.01,C,2024-12-30
2412302826367496,SYNID0103816951,9151.95,C,2024-12-30
2412304045103851,SYNID0105971716,1609.98,C,2024-12-30
2412302783495654,SYNID0102919635,6795.76,C,2024-12-30
2412301256662596,SYNID0100583657,1058.33,C,2024-12-30
2412304334612264,SYNID0106107472,216.39,C,2024-12-30
2412305576650383,SYNID0200255943,23743.41,D,2024-12-30
2412309495160512,SYNID0104508822,3242.86,C,2024-12-30
2412308967742660,SYNID0107105366,378.91,C,2024-12-30
2412307931764614,SYNID0200000984,198659.99,D,2024-12-30
2412307853204149,SYNID0200917657,1121.88,D,2024-12-30
2412308922971958,SYNID0105580429,620.73,C,2024-12-30
2412304480446987,SYNID0200170062,99903.47,D,2024-12-30
2412309140445902,SYNID0105321438,2131.73,C,2024-12-30
2412302020511762,SYNID0200437114,228004.82,D,2024-12-30
2412305263315015,SYNID0200058698,9892.12,C,2024-12-30
2412308462784586,SYNID0100293524,6280.25,D,2024-12-30
2412303521045343,SYNID0200917657,2612.17,D,2024-12-30
2412303281461674,SYNID0200428876,18.34,D,2024-12-30
2412304862235209,SYNID0100566082,3344.57,C,2024-12-30
2412307861841590,SYNID0108657733,2145.62,C,2024-12-30
2412304379923311,SYNID0100236898,1385.84,D,2024-12-30
2412300898968470,SYNID0200695990,8044.37,C,2024-12-30
2412305327531988,SYNID0108577910,1360.36,C,2024-12-30
2412306742965523,SYNID0100800493,2106.25,C,2024-12-30
2412300058305386,SYNID0106096810,2033.99,C,2024-12-30
2412309710810000,SYNID0101461685,220.95,D,2024-12-30
2412306050303754,SYNID0200917657,2924.11,D,2024-12-30
2412305823510566,SYNID0200846351,3558.16,D,2024-12-30
2412309335671630,SYNID0105060194,4915.75,C,2024-12-30
2412301905878265,SYNID0200917657,611.14,D,2024-12-30
2412301724987542,SYNID0200917657,2790.97,D,2024-12-30
2412303536475910,SYNID0200639789,461.12,C,2024-12-30
2412305285825247,SYNID0106440574,16117.46,C,2024-12-30
2412301752037258,SYNID0200552733,14329.6,D,2024-12-30
2412308264429521,SYNID0103099103,8915.61,C,2024-12-30
2412309670949551,SYNID0200324957,134125.59,C,2024-12-30
2412303187696882,SYNID0103685090,5573.72,C,2024-12-30
2412305471126006,SYNID0200685212,8825.95,C,2024-12-30
2412304802237970,SYNID0103779617,6311.1,C,2024-12-30
2412303554723220,SYNID0200845936,1851.43,D,2024-12-30
2412303692796821,SYNID0103096826,566.25,C,2024-12-30
2412307661326427,SYNID0105954525,728.1,D,2024-12-30
2412304892707298,SYNID0109075215,6850.02,C,2024-12-30
2412309484598793,SYNID0106230182,5777.13,D,2024-12-30
2412304292820729,SYNID0100849358,10440.79,D,2024-12-30
2412307264708318,SYNID0100458116,4964.37,C,2024-12-30
2412303432502269,SYNID0104976647,53.79,C,2024-12-30
2412306570534542,SYNID0106020932,3158.58,C,2024-12-30
2412308451452649,SYNID0200155033,4125.57,C,2024-12-30
2412301991318325,SYNID0200337102,13648.84,D,2024-12-30
2412300344251557,SYNID0200917657,370.47,D,2024-12-30
2412306851288581,SYNID0200639063,8649.69,C,2024-12-30
2412305166723125,SYNID0102605518,369.74,C,2024-12-30
2412318036621359,SYNID0105372285,4580.72,C,2024-12-31
2412313733176148,SYNID0102840489,2181.38,C,2024-12-31
2412310174879683,SYNID0107568255,18662.65,C,2024-12-31
2412312158937312,SYNID0104379482,224.34,C,2024-12-31
2412317517873051,SYNID0108050714,2936.56,C,2024-12-31
2412311104614126,SYNID0200730374,23428.65,C,2024-12-31
2412311261747216,SYNID0100426118,7404.69,D,2024-12-31
2412316795081957,SYNID0101401795,1298.09,C,2024-12-31
2412317897677295,SYNID0200106833,46321.3,D,2024-12-31
2501017132857549,SYNID0102214396,21736.4,C,2025-01-01
2501013946708693,SYNID0101790863,1644.94,D,2025-01-01
2501018847842439,SYNID0106772162,26866.99,D,2025-01-01
2501015356765659,SYNID0100897864,10049.76,C,2025-01-01
2501013410546970,SYNID0101859693,7001.57,D,2025-01-01
2501019879948168,SYNID0108184129,19338.4,C,2025-01-01
2501015504025416,SYNID0200032918,4063.65,D,2025-01-01
2501011377213058,SYNID0105794730,5748.14,C,2025-01-01
2501015853536147,SYNID0200066917,1200.68,D,2025-01-01
2501012082213305,SYNID0105580543,4095.9,C,2025-01-01
2501019859868344,SYNID0106282109,213.87,C,2025-01-01
2501017884162070,SYNID0200058698,33700.04,D,2025-01-01
2501027242298957,SYNID0109179635,1535.63,D,2025-01-02
2501024715273328,SYNID0109200002,866.26,C,2025-01-02
2501022777595253,SYNID0107300785,2812.44,C,2025-01-02
2501029882645573,SYNID0200274925,4173.09,D,2025-01-02
2501024311011430,SYNID0101313283,519.7,C,2025-01-02
2501026039190820,SYNID0105240174,1499.7,D,2025-01-02
2501026299270960,SYNID0100714451,2081.52,C,2025-01-02
2501020548209843,SYNID0107562467,1037.16,C,2025-01-02
2501025641239352,SYNID0107520994,64529.23,C,2025-01-02
2501027529910505,SYNID0108942458,5536.88,D,2025-01-02
2501023846760351,SYNID0108464551,720.75,C,2025-01-02
2501025440679464,SYNID0105364046,4645.35,C,2025-01-02
2501033283815233,SYNID0105928166,11873.01,C,2025-01-03
2501036294329316,SYNID0103703533,1244.2,D,2025-01-03
2501038513157206,SYNID0105240174,987.26,C,2025-01-03
2501030700705007,SYNID0107858233,357.5,C,2025-01-03
2501039397778770,SYNID0107139203,7588.95,C,2025-01-03
2501039009253152,SYNID0101206344,20916.04,C,2025-01-03
2501037936747411,SYNID0109057873,666.04,D,2025-01-03
2501038516884132,SYNID0108410470,306.77,C,2025-01-03
2501032859006071,SYNID0200254293,56358.47,C,2025-01-03
2501039988164403,SYNID0109557933,387.07,D,2025-01-03
2501036298291265,SYNID0109057873,12069.02,C,2025-01-03
2501032547864602,SYNID0108011462,5834.49,C,2025-01-03
2501035080679823,SYNID0105570835,2301.64,C,2025-01-03
2501034257979032,SYNID0103295040,4822.16,C,2025-01-03
2501036738976263,SYNID0104782698,10299.86,C,2025-01-03
2501030410711292,SYNID0102254735,116.26,D,2025-01-03
2501031388211782,SYNID0105928166,13311.2,C,2025-01-03
2501038150241295,SYNID0107386057,5199.53,D,2025-01-03
2501038923281366,SYNID0108473181,10444.48,C,2025-01-03
2501032746410711,SYNID0107711954,1677.13,C,2025-01-03
2501034505115520,SYNID0102321386,317.81,C,2025-01-03
2501032561971149,SYNID0104759819,59254.94,C,2025-01-03
2501039607948921,SYNID0102183660,1602.75,C,2025-01-03
2501033543114969,SYNID0200155033,1943.22,D,2025-01-03
2501030227550692,SYNID0104487235,1229.34,C,2025-01-03
2501031586431963,SYNID0103139898,16849.15,C,2025-01-03
2501032489718765,SYNID0109305654,9514.01,C,2025-01-03
2501035235183394,SYNID0108758247,508.06,C,2025-01-03
2501038051892970,SYNID0106572754,20009.09,C,2025-01-03
2501039718549685,SYNID0109633879,11906.66,C,2025-01-03
2501036803056613,SYNID0104078466,205.84,C,2025-01-03
2501030329541467,SYNID0107239155,364.58,C,2025-01-03
2501039443011277,SYNID0107846694,10824.76,C,2025-01-03
2501039334357558,SYNID0200961090,39711.28,C,2025-01-03
2501036068020642,SYNID0108965670,5834.25,C,2025-01-03
2501035304584112,SYNID0108189976,1668.3,D,2025-01-03
2501030819903109,SYNID0103030265,4644.22,C,2025-01-03
2501038176450614,SYNID0200032918,439081.04,C,2025-01-03
2501037647843513,SYNID0102175040,528.12,C,2025-01-03
2501033969494771,SYNID0200155033,7886.72,D,2025-01-03
2501036193534414,SYNID0105477700,7366.95,C,2025-01-03
2501030022929416,SYNID0106805907,943.09,C,2025-01-03
2501032067461327,SYNID0107335032,1077.83,C,2025-01-03
2501038921141248,SYNID0105209033,8830.67,C,2025-01-03
2501030067970087,SYNID0103330738,1393.52,C,2025-01-03
2501037120914495,SYNID0200789296,16.01,D,2025-01-03
2501033038746397,SYNID0106696951,2080.59,D,2025-01-03
2501039646648340,SYNID0105765514,2102.23,C,2025-01-03
2501035266243805,SYNID0105954525,1541.48,D,2025-01-03
2501031080727593,SYNID0109773064,27315.24,C,2025-01-03
2501037163759739,SYNID0101942257,4275.07,C,2025-01-03
2501030290191779,SYNID0108317889,10932.02,C,2025-01-03
2501039699549397,SYNID0200339918,134139.62,C,2025-01-03
2501034866529366,SYNID0102779546,26438.48,C,2025-01-03
2501036475158898,SYNID0105212483,7572.77,C,2025-01-03
2501039610538335,SYNID0105260746,2287.39,C,2025-01-03
2501034976087280,SYNID0106952005,1041.28,C,2025-01-03
2501032650560109,SYNID0102214235,612.41,C,2025-01-03
2501039300217599,SYNID0200903625,382881.79,D,2025-01-03
2501030666109206,SYNID0107901561,1531.76,D,2025-01-03
2501032305064233,SYNID0106786496,24059.41,C,2025-01-03
2501031774700056,SYNID0105203057,1587.03,D,2025-01-03
2501037951288256,SYNID0200917657,1139.46,D,2025-01-03
2501036667129837,SYNID0106626260,1076.83,C,2025-01-03
2501034537038084,SYNID0106083739,506.44,C,2025-01-03
2501032561561510,SYNID0102803870,1786.45,D,2025-01-03
2501036534662948,SYNID0104138109,953.21,C,2025-01-03
2501034720277252,SYNID0106440574,430.27,C,2025-01-03
2501034073962177,SYNID0103150518,7924.88,C,2025-01-03
2501036963106132,SYNID0200555367,1312.45,D,2025-01-03
2501032805176184,SYNID0104106561,48467.05,C,2025-01-03
2501032636344938,SYNID0102846760,631.73,C,2025-01-03
2501030675014694,SYNID0101499920,374.28,D,2025-01-03
2501031970943603,SYNID0105004160,2352.25,C,2025-01-03
2501032133679484,SYNID0100634778,25702.83,C,2025-01-03
2501031759454847,SYNID0101956117,13598.54,C,2025-01-03
2501033791553032,SYNID0200345105,69527.98,D,2025-01-03
2501036273339687,SYNID0102516803,30559.42,C,2025-01-03
2501035378438524,SYNID0200917657,1088.9,D,2025-01-03
2501033380300386,SYNID0106476572,10419.15,C,2025-01-03
2501037362082319,SYNID0100199610,1588.99,C,2025-01-03
2501039008019586,SYNID0200861773,13726.05,C,2025-01-03
2501035790432141,SYNID0108301803,600.9,D,2025-01-03
2501039395639261,SYNID0200917657,609.04,D,2025-01-03
2501033056412558,SYNID0200917657,1080.47,D,2025-01-03
2501037673972408,SYNID0200818631,23146.3,C,2025-01-03
2501037058724930,SYNID0105223126,943.07,D,2025-01-03
2501031933856303,SYNID0108516218,20080.12,C,2025-01-03
2501036118412593,SYNID0104182767,212.64,C,2025-01-03
2501032679004503,SYNID0200639063,2574.58,C,2025-01-03
2501035759174501,SYNID0200917657,3987.46,D,2025-01-03
2501030238983121,SYNID0105285853,5423.65,D,2025-01-03
2501030016884117,SYNID0102686451,1104.33,C,2025-01-03
2501030530457931,SYNID0102985399,5208.02,C,2025-01-03
2501036877540003,SYNID0200491109,8466.4,C,2025-01-03
2501033075649676,SYNID0106230182,953.05,C,2025-01-03
2501033217355943,SYNID0105727017,15847.0,D,2025-01-03
2501035050417462,SYNID0109006511,32303.04,C,2025-01-03
2501037232672825,SYNID0200428241,59608.48,D,2025-01-03
2501037951421849,SYNID0200639063,138032.59,C,2025-01-03
2501030245300988,SYNID0106318963,981.23,C,2025-01-03
2501035697480765,SYNID0107071658,723.87,D,2025-01-03
2501032192707245,SYNID0108784711,13873.56,C,2025-01-03
2501030690170704,SYNID0108784711,12761.03,C,2025-01-03
2501031103231255,SYNID0200917657,2619.44,D,2025-01-03
2501032165252716,SYNID0109605156,74.2,C,2025-01-03
2501033233863148,SYNID0200917657,2549.46,D,2025-01-03
2501033487689529,SYNID0105457439,2069.96,C,2025-01-03
2501035213940541,SYNID0100784988,452.72,C,2025-01-03
2501039782916670,SYNID0200917657,2754.98,D,2025-01-03
2501037894450168,SYNID0200381116,24666.55,C,2025-01-03
2501032045486496,SYNID0103903652,1479.0,C,2025-01-03
2501035889259162,SYNID0200682787,23926.81,C,2025-01-03
2501031533961978,SYNID0104960761,7214.73,C,2025-01-03
2501036328198370,SYNID0106242361,376.87,C,2025-01-03
2501032942137159,SYNID0108558587,470.35,C,2025-01-03
2501033343404283,SYNID0100990196,6239.49,D,2025-01-03
2501037215318142,SYNID0200192167,4803.28,D,2025-01-03
2501031858673695,SYNID0105142740,25758.94,C,2025-01-03
2501034167122526,SYNID0200192167,42743.31,D,2025-01-03
2501030594845158,SYNID0106333444,14969.21,C,2025-01-03
2501034179095115,SYNID0105142740,1466.53,C,2025-01-03
2501031396627103,SYNID0106932894,4664.2,C,2025-01-03
2501033593880179,SYNID0105976473,6990.88,C,2025-01-03
2501041156464663,SYNID0200695990,54324.22,D,2025-01-04
2501041317570390,SYNID0109412858,2140.38,D,2025-01-04
2501049425919982,SYNID0106042881,2487.78,C,2025-01-04
2501041190061779,SYNID0200845936,28001.5,C,2025-01-04
2501047787372778,SYNID0200357332,1377.0,D,2025-01-04
2501045106225623,SYNID0105107837,1504.03,D,2025-01-04
2501044447041515,SYNID0200463729,197.46,C,2025-01-04
2501045370247576,SYNID0108402251,6809.1,D,2025-01-04
2501043187874138,SYNID0200961090,2090.57,C,2025-01-04
2501041223311864,SYNID0200917657,368.45,D,2025-01-04
2501042571736222,SYNID0200852146,5343.21,C,2025-01-04
2501042070216721,SYNID0200772368,34278.31,C,2025-01-04
2501044269709024,SYNID0200117107,103583.59,D,2025-01-04
2501048893367037,SYNID0200837172,48025.87,C,2025-01-04
2501041653320442,SYNID0200933796,6065.37,D,2025-01-04
2501047114976641,SYNID0103822088,3644.59,C,2025-01-04
2501048405023502,SYNID0200459483,5241.87,D,2025-01-04
2501049564435765,SYNID0200917657,14.65,D,2025-01-04
2501045617677525,SYNID0200676840,3426.44,D,2025-01-04
2501041877655198,SYNID0200969737,24910.59,C,2025-01-04
2501048566267287,SYNID0200639063,52696.07,C,2025-01-04
2501046246574010,SYNID0200451088,3497.77,C,2025-01-04
2501046761027308,SYNID0102333838,1386.67,C,2025-01-04
2501049479082589,SYNID0104554783,23228.9,D,2025-01-04
2501049283336593,SYNID0200552733,21248.56,C,2025-01-04
2501046613584769,SYNID0200572854,4924.53,C,2025-01-04
2501047031014845,SYNID0200917657,154.75,D,2025-01-04
2501044778874364,SYNID0200578810,26937.33,D,2025-01-04
2501041929936114,SYNID0200567030,138951.97,C,2025-01-04
2501041535204805,SYNID0104348317,513.03,C,2025-01-04
2501041834604851,SYNID0200917657,3635.36,D,2025-01-04
2501045896903437,SYNID0108014611,3170.49,C,2025-01-04
2501043105865727,SYNID0200513227,4858.89,D,2025-01-04
2501043270134067,SYNID0200917657,67.77,D,2025-01-04
2501043301259755,SYNID0200531195,32565.25,D,2025-01-04
2501049151420314,SYNID0200680099,6193.28,C,2025-01-04
2501046673198045,SYNID0101762076,460.8,C,2025-01-04
2501040629555432,SYNID0200262883,60404.5,D,2025-01-04
2501048861996318,SYNID0200917657,5165.27,D,2025-01-04
2501042384751728,SYNID0200372731,466183.55,C,2025-01-04
2501044209109323,SYNID0104480553,5146.35,C,2025-01-04
2501047423228692,SYNID0109066182,13508.91,C,2025-01-04
2501040202463190,SYNID0200535427,25863.11,C,2025-01-04
2501043586988499,SYNID0104060587,1187.39,D,2025-01-04
2501045241437025,SYNID0200388599,901.63,D,2025-01-04
2501046364542539,SYNID0200535427,1436.02,C,2025-01-04
2501043973977676,SYNID0200263267,56720.36,C,2025-01-04
2501048247442203,SYNID0101248806,5937.35,C,2025-01-04
2501044765189749,SYNID0105660335,2151.54,D,2025-01-04
2501046216525644,SYNID0104613761,12637.34,C,2025-01-04
2501048644033751,SYNID0200639063,39810.62,D,2025-01-04
2501046466508804,SYNID0108734091,7034.15,C,2025-01-04
2501044356460504,SYNID0103676921,2563.01,C,2025-01-04
2501043004477318,SYNID0200846351,90.61,C,2025-01-04
2501048857829708,SYNID0200917657,2515.48,D,2025-01-04
2501041932070369,SYNID0106338346,28044.12,D,2025-01-04
2501049299031354,SYNID0104911548,3116.2,C,2025-01-04
2501047403963483,SYNID0109028175,17561.96,D,2025-01-04
2501047508412280,SYNID0103131248,7263.57,C,2025-01-04
2501040535766990,SYNID0200593915,32518.97,C,2025-01-04
2501046634912996,SYNID0200950065,10515.07,C,2025-01-04
2501047861091885,SYNID0108758247,2641.59,C,2025-01-04
2501042145633079,SYNID0106611019,9892.02,C,2025-01-04
2501048214132432,SYNID0200917657,2025.81,D,2025-01-04
2501047940317892,SYNID0200917657,5428.08,D,2025-01-04
2501040225246305,SYNID0100888745,4131.32,C,2025-01-04
2501049156400195,SYNID0106282109,22612.93,C,2025-01-04
2501046241652108,SYNID0102303661,60416.59,C,2025-01-04
2501045182817959,SYNID0200917657,1187.98,D,2025-01-04
2501045959899766,SYNID0105781495,9074.95,C,2025-01-04
2501044987073357,SYNID0100843229,55097.45,C,2025-01-04
2501044415448433,SYNID0200494373,24695.92,C,2025-01-04
2501040945543769,SYNID0101534925,2288.26,C,2025-01-04
2501052079023844,SYNID0200846351,7302.65,C,2025-01-05
2501055754903507,SYNID0200639063,2740.73,C,2025-01-05
2501053629266958,SYNID0107945315,1311.78,C,2025-01-05
2501059953946265,SYNID0200639063,20521.84,C,2025-01-05
2501051244815047,SYNID0200639063,5424.52,C,2025-01-05
2501059888999889,SYNID0200005824,22661.86,D,2025-01-05
2501056358249245,SYNID0108931921,11278.33,C,2025-01-05
2501055854516704,SYNID0104174610,5245.79,C,2025-01-05
2501056943663553,SYNID0102214235,4386.68,C,2025-01-05
2501053388397161,SYNID0105229133,8134.3,D,2025-01-05
2501053758176376,SYNID0109066182,15842.36,D,2025-01-05
2501053466731980,SYNID0200639063,10150.28,D,2025-01-05
2501056980554450,SYNID0108473973,1726.51,C,2025-01-05
2501056815340839,SYNID0100733398,501.69,C,2025-01-05
2501051057746486,SYNID0200917657,3558.4,D,2025-01-05
2501059354945609,SYNID0200806649,250.45,C,2025-01-05
2501058380627152,SYNID0200639063,7894.18,C,2025-01-05
2501051058936373,SYNID0102593344,9754.34,C,2025-01-05
2501057123652947,SYNID0200341758,28532.21,C,2025-01-05
2501057313746191,SYNID0101206344,7772.33,C,2025-01-05
2501050914402049,SYNID0200917657,3234.92,D,2025-01-05
2501054650942075,SYNID0200908516,22719.03,D,2025-01-05
2501057385974038,SYNID0200639063,1232.51,D,2025-01-05
2501050926515376,SYNID0109402163,9367.77,C,2025-01-05
2501052680570233,SYNID0200075142,3596.83,D,2025-01-05
2501057160980492,SYNID0102790574,41098.33,C,2025-01-05
2501057004734821,SYNID0100712556,9235.01,D,2025-01-05
2501057341024199,SYNID0200096821,13284.06,C,2025-01-05
2501055965054947,SYNID0108798998,9157.29,C,2025-01-05
2501054317545074,SYNID0102148471,10458.7,C,2025-01-05
2501056462392494,SYNID0109105449,6789.37,D,2025-01-05
2501052938812319,SYNID0200917657,1437.18,D,2025-01-05
2501055464553575,SYNID0200917657,570.16,D,2025-01-05
2501055599190170,SYNID0105004160,58.73,C,2025-01-05
2501058438133901,SYNID0101859693,62081.96,C,2025-01-05
2501058892555280,SYNID0105004160,101.79,C,2025-01-05
2501059176541542,SYNID0109139840,7335.66,D,2025-01-05
2501050674292257,SYNID0109629733,15849.84,C,2025-01-05
2501052890585441,SYNID0101108177,1374.85,D,2025-01-05
2501059279132430,SYNID0107725704,134.33,C,2025-01-05
2501054917461056,SYNID0200779733,5439.98,C,2025-01-05
2501050725190707,SYNID0106152240,76281.78,C,2025-01-05
2501053334972291,SYNID0107725704,540.23,C,2025-01-05
2501053292567318,SYNID0108770535,509.62,D,2025-01-05
2501058648834165,SYNID0109160195,3100.39,C,2025-01-05
2501050498102709,SYNID0107803406,3651.74,C,2025-01-05
2501052915406627,SYNID0108313535,1052.83,C,2025-01-05
2501053278245610,SYNID0101651324,736.96,C,2025-01-05
2501058490560310,SYNID0107681047,14039.03,C,2025-01-05
2501056883941132,SYNID0103568592,32224.08,C,2025-01-05
2501052558776740,SYNID0103150518,6172.15,C,2025-01-05
2501059666364921,SYNID0103413629,1383.33,C,2025-01-05
2501054117003357,SYNID0102759272,10000.51,C,2025-01-05
2501059331074866,SYNID0108780007,230931.58,D,2025-01-05
2501057345566594,SYNID0108184129,23953.5,C,2025-01-05
2501051441360547,SYNID0104828637,683.44,C,2025-01-05
2501057990786652,SYNID0105968755,10337.49,C,2025-01-05
2501050773598391,SYNID0200552733,7066.6,C,2025-01-05
2501050576216185,SYNID0101551069,2304.71,C,2025-01-05
2501051147442779,SYNID0107244309,15216.02,C,2025-01-05
2501053993675821,SYNID0105443273,197.65,C,2025-01-05
2501055360016787,SYNID0106524536,8369.61,C,2025-01-05
2501052053905792,SYNID0200791566,2706.03,C,2025-01-05
2501050575514364,SYNID0109699993,54892.34,C,2025-01-05
2501058900270262,SYNID0109240452,625.16,C,2025-01-05
2501050980991119,SYNID0200917657,3582.53,D,2025-01-05
2501057628563292,SYNID0105868346,5165.03,C,2025-01-05
2501051592190140,SYNID0108610318,12219.81,C,2025-01-05
2501059675124051,SYNID0106721928,3696.81,C,2025-01-05
2501059143028407,SYNID0105122730,546.74,C,2025-01-05
2501055705632321,SYNID0200483554,441807.73,C,2025-01-05
2501051376968621,SYNID0101420719,69445.84,C,2025-01-05
2501054797215598,SYNID0101959303,4705.47,D,2025-01-05
2501059936656351,SYNID0109648699,1475.4,C,2025-01-05
2501058538251803,SYNID0200155033,852.92,C,2025-01-05
2501054414620612,SYNID0200852146,83402.8,C,2025-01-05
2501059082967204,SYNID0200339329,31015.68,C,2025-01-05
2501056003838806,SYNID0104976647,12572.17,C,2025-01-05
2501056177879318,SYNID0200950065,1747.99,C,2025-01-05
2501056877666049,SYNID0109649499,222005.6,D,2025-01-05
2501050846297157,SYNID0200950065,2071.91,C,2025-01-05
2501050250548908,SYNID0100303687,3120.22,C,2025-01-05
2501058207811527,SYNID0106348949,1398.71,C,2025-01-05
2501058270989087,SYNID0102682399,453.7,D,2025-01-05
2501052021705360,SYNID0109675639,4264.56,C,2025-01-05
2501052781004003,SYNID0108850021,1021.06,D,2025-01-05
2501055862170769,SYNID0109143049,517.95,C,2025-01-05
2501057053850868,SYNID0106145122,11185.55,C,2025-01-05
2501052619424638,SYNID0109373328,6042.01,C,2025-01-05
2501057255939012,SYNID0102285591,570.02,D,2025-01-05
2501057770331952,SYNID0101407259,129.99,C,2025-01-05
2501057602187953,SYNID0102417311,35173.99,C,2025-01-05
2501055412012108,SYNID0200917657,6490.64,D,2025-01-05
2501056472284181,SYNID0104583503,10385.2,C,2025-01-05
2501059102361490,SYNID0101818323,38528.05,C,2025-01-05
2501056624654568,SYNID0200759426,23607.12,C,2025-01-05
2501050773115357,SYNID0104480183,1110.53,D,2025-01-05
2501055005440554,SYNID0200838627,12009.88,C,2025-01-05
2501069660331787,SYNID0108827434,10125.53,C,2025-01-06
2501061055923313,SYNID0106818939,2472.96,C,2025-01-06
2501068251135621,SYNID0106673390,6709.36,C,2025-01-06
2501061290992529,SYNID0109925233,3866.98,C,2025-01-06
2501064752211780,SYNID0107588495,2136.92,D,2025-01-06
2501065345979536,SYNID0101105191,507.22,C,2025-01-06
2501066074777413,SYNID0102047281,8062.32,C,2025-01-06
2501061746281210,SYNID0104537547,8449.74,C,2025-01-06
2501063276253048,SYNID0106743158,649.1,C,2025-01-06
2501066233082946,SYNID0200262883,8861.16,D,2025-01-06
2501067031368550,SYNID0106282109,392.15,C,2025-01-06
2501067577902516,SYNID0109373328,624.16,D,2025-01-06
2501067069966585,SYNID0109394079,5874.94,D,2025-01-06
2501066865734477,SYNID0104571537,4213.22,D,2025-01-06
2501066359712913,SYNID0106436314,1302.18,C,2025-01-06
2501068214147256,SYNID0200917657,24.25,D,2025-01-06
2501067179254850,SYNID0200845936,27322.15,C,2025-01-06
2501069481650419,SYNID0200924084,23877.09,C,2025-01-06
2501067927496617,SYNID0200045450,52747.59,C,2025-01-06
2501067482734854,SYNID0104515436,2100.52,C,2025-01-06
2501067698311950,SYNID0108269701,416.82,C,2025-01-06
2501062240858785,SYNID0109895839,1655.21,C,2025-01-06
2501068662747670,SYNID0101402777,10784.83,C,2025-01-06
2501069850316407,SYNID0109561116,2104.39,C,2025-01-06
2501069793397754,SYNID0102155803,1813.74,D,2025-01-06
2501064922066317,SYNID0108800174,7754.3,C,2025-01-06
2501062193769093,SYNID0107724793,24124.49,C,2025-01-06
2501065477188859,SYNID0105036886,1603.24,C,2025-01-06
2501064690253979,SYNID0200521470,7489.17,D,2025-01-06
2501068947659485,SYNID0106008713,10346.79,C,2025-01-06
2501064875651581,SYNID0200917657,1326.43,D,2025-01-06
2501068096064656,SYNID0107173210,888.56,C,2025-01-06
2501065381309921,SYNID0100088611,3882.9,D,2025-01-06
2501066887809563,SYNID0101820104,27757.94,C,2025-01-06
2501061949560512,SYNID0100191540,10631.7,C,2025-01-06
2501068137894208,SYNID0109512767,10589.75,C,2025-01-06
2501064289637767,SYNID0200127093,10731.15,D,2025-01-06
2501060301301708,SYNID0200231662,5733.24,C,2025-01-06
2501064444855113,SYNID0100019645,4232.24,C,2025-01-06
2501067770258168,SYNID0100020773,26911.42,C,2025-01-06
2501069873882614,SYNID0200795823,214923.15,C,2025-01-06
2501066252184219,SYNID0108533644,592.45,C,2025-01-06
2501066621866751,SYNID0100505014,650.15,C,2025-01-06
2501061031835110,SYNID0104331690,9275.19,C,2025-01-06
2501066659965252,SYNID0105818471,1538.49,C,2025-01-06
2501067197025254,SYNID0108586460,7110.31,D,2025-01-06
2501063150123746,SYNID0102572020,135.04,C,2025-01-06
2501060285039038,SYNID0200500737,413008.78,D,2025-01-06
2501066866929869,SYNID0103946107,6995.54,C,2025-01-06
2501063258065841,SYNID0100543636,2900.88,C,2025-01-06
2501061072627825,SYNID0200494373,9792.45,C,2025-01-06
2501060612406792,SYNID0200190245,2144.5,D,2025-01-06
2501066179066757,SYNID0101097166,10084.87,C,2025-01-06
2501063831259191,SYNID0103410203,25735.71,D,2025-01-06
2501065578432231,SYNID0105969464,199667.53,D,2025-01-06
2501069251853217,SYNID0200639063,42072.42,C,2025-01-06
2501065091456946,SYNID0106843919,8520.27,C,2025-01-06
2501067359777493,SYNID0109212564,49636.24,C,2025-01-06
2501063087726280,SYNID0105729937,28410.65,D,2025-01-06
2501068596367849,SYNID0200985313,13924.46,D,2025-01-06
2501072714237146,SYNID0200639063,8114.47,C,2025-01-07
2501077662042095,SYNID0200917657,992.37,D,2025-01-07
2501078286638018,SYNID0100019645,35196.07,C,2025-01-07
2501074300171557,SYNID0200483554,38228.6,C,2025-01-07
2501079020764911,SYNID0103225951,4744.67,C,2025-01-07
2501078641317895,SYNID0108641559,3241.23,D,2025-01-07
2501078455941635,SYNID0200639063,76889.69,D,2025-01-07
2501078706068765,SYNID0107000546,2051.1,C,2025-01-07
2501074662001834,SYNID0108726820,1079.95,C,2025-01-07
2501071612059213,SYNID0200961090,7238.22,D,2025-01-07
2501078769441400,SYNID0100085002,31184.33,C,2025-01-07
2501073843072715,SYNID0200917657,999.75,D,2025-01-07
2501076942421725,SYNID0100686953,3558.82,C,2025-01-07
2501072249949411,SYNID0105976167,19135.5,C,2025-01-07
2501070256505455,SYNID0108339289,1010.86,C,2025-01-07
2501074840510046,SYNID0105254028,494.1,C,2025-01-07
2501080646609483,SYNID0108660144,22348.94,C,2025-01-08
2501085613317237,SYNID0108112751,93.5,C,2025-01-08
2501086669685267,SYNID0200243065,28294.07,D,2025-01-08
2501084115339945,SYNID0200968058,569.34,C,2025-01-08
2501083663268784,SYNID0200917657,2341.23,D,2025-01-08
2501086108389594,SYNID0101401795,1044.1,C,2025-01-08
2501080191678395,SYNID0200917657,3588.13,D,2025-01-08
2501081492442526,SYNID0106578062,5126.93,C,2025-01-08
2501080001189574,SYNID0105457439,1101.47,C,2025-01-08
2501083974981765,SYNID0103145370,1744.9,C,2025-01-08
2501081942424939,SYNID0108462913,2761.51,C,2025-01-08
2501088237556875,SYNID0107360971,28935.93,D,2025-01-08
2501080442608535,SYNID0101402777,27957.18,C,2025-01-08
2501089216190511,SYNID0106991078,1365.45,C,2025-01-08
2501088956840728,SYNID0200917657,847.55,D,2025-01-08
2501082217681683,SYNID0103796340,622.32,C,2025-01-08
2501080883895914,SYNID0109280229,1015.82,C,2025-01-08
2501087013576091,SYNID0106333361,161698.45,C,2025-01-08
2501092075442807,SYNID0200917657,17.39,D,2025-01-09
2501096594554284,SYNID0109667958,362.66,C,2025-01-09
2501091131526711,SYNID0200917657,12301.68,C,2025-01-09
2501091759470706,SYNID0200917657,5244.93,D,2025-01-09
2501093181791063,SYNID0108830654,79.48,C,2025-01-09
2501099611819195,SYNID0102548813,9129.84,C,2025-01-09
2501094670276774,SYNID0200567030,14136.74,C,2025-01-09
2501097354188580,SYNID0106602084,54296.11,C,2025-01-09
2501091146667654,SYNID0200876167,1175.75,D,2025-01-09
2501092479073709,SYNID0200249449,28579.64,D,2025-01-09
2501090817244867,SYNID0200593915,97195.8,D,2025-01-09
2501093655865533,SYNID0200950065,22196.31,D,2025-01-09
2501092893077444,SYNID0200806649,523.77,C,2025-01-09
2501090200561490,SYNID0100059769,1444.55,C,2025-01-09
2501095556402450,SYNID0104388447,232.54,C,2025-01-09
2501091779363377,SYNID0200152600,10212.26,C,2025-01-09
2501093125244883,SYNID0101488073,1616.83,D,2025-01-09
2501096118684895,SYNID0106012458,96.4,C,2025-01-09
2501095685781862,SYNID0200032718,4951.1,D,2025-01-09
2501099590805189,SYNID0101206344,569.22,C,2025-01-09
2501093697883133,SYNID0104887466,9580.48,C,2025-01-09
2501092954194723,SYNID0100658371,511.31,C,2025-01-09
2501096492886546,SYNID0200993733,455.75,C,2025-01-09
2501095963176011,SYNID0105114029,58555.8,C,2025-01-09
2501092017561972,SYNID0107156613,1706.0,C,2025-01-09
2501094853246581,SYNID0200494373,14533.77,C,2025-01-09
2501090725290247,SYNID0107153551,8579.87,C,2025-01-09
2501093029008735,SYNID0100625482,16704.25,C,2025-01-09
2501093094609762,SYNID0200425258,163613.43,C,2025-01-09
2501098831359299,SYNID0200685212,29430.27,D,2025-01-09
2501096758873620,SYNID0106572754,10789.74,C,2025-01-09
2501095189771578,SYNID0200393622,8859.59,D,2025-01-09
2501094368107964,SYNID0200991900,927.68,C,2025-01-09
2501097885691146,SYNID0200917657,1146.65,D,2025-01-09
2501094154546068,SYNID0200770028,7914.3,C,2025-01-09
2501094517079543,SYNID0107672983,924.21,C,2025-01-09
2501090881110201,SYNID0200917657,4474.14,D,2025-01-09
2501092713679084,SYNID0102817548,2546.84,C,2025-01-09
2501095485968220,SYNID0108009908,16983.02,D,2025-01-09
2501094090735724,SYNID0200582957,41345.23,C,2025-01-09
2501092117802361,SYNID0200917657,2800.92,D,2025-01-09
2501093988002483,SYNID0200917657,849.92,D,2025-01-09
2501097887213328,SYNID0104130727,11862.14,C,2025-01-09
2501092383608958,SYNID0200567030,182734.83,C,2025-01-09
2501096742808562,SYNID0102962541,4842.14,C,2025-01-09
2501098838296108,SYNID0104647652,1804.75,C,2025-01-09
2501098097225955,SYNID0200917657,857.46,D,2025-01-09
2501094470214938,SYNID0200833348,8932.39,C,2025-01-09
2501096353303383,SYNID0200917657,2107.21,D,2025-01-09
2501090575033724,SYNID0104033793,10089.7,C,2025-01-09
2501090022651213,SYNID0200458593,1788.65,D,2025-01-09
2501098386820775,SYNID0200639063,444.92,D,2025-01-09
2501097816293716,SYNID0108411092,20312.71,C,2025-01-09
2501095904686710,SYNID0104807248,147.36,C,2025-01-09
2501095908969576,SYNID0200917657,5534.24,D,2025-01-09
2501091130321219,SYNID0200917657,1385.07,D,2025-01-09
2501092971346258,SYNID0200593154,12083.99,D,2025-01-09
2501094827316068,SYNID0108045452,49550.83,C,2025-01-09
2501090044922630,SYNID0200170062,2959.83,D,2025-01-09
2501099787313951,SYNID0200567030,3409.45,D,2025-01-09
2501092358339429,SYNID0200539259,44723.35,C,2025-01-09
2501090103864295,SYNID0200170062,1002.3,D,2025-01-09
2501098521715098,SYNID0200917657,5764.34,D,2025-01-09
2501100398235828,SYNID0109703632,15946.94,C,2025-01-10
2501109130732443,SYNID0200192167,15117.65,D,2025-01-10
2501108288197064,SYNID0107954045,9509.56,C,2025-01-10
2501105186472860,SYNID0103166870,18456.39,C,2025-01-10
2501104079412564,SYNID0200917657,474.41,D,2025-01-10
2501107051764016,SYNID0100800493,21844.52,D,2025-01-10
2501104831444096,SYNID0100574406,10227.93,C,2025-01-10
2501101247392952,SYNID0100264783,2549.94,C,2025-01-10
2501108826545241,SYNID0100552293,2125.75,C,2025-01-10
2501107959367640,SYNID0106805588,58849.94,C,2025-01-10
2501106290588832,SYNID0103568592,557.09,C,2025-01-10
2501108792651939,SYNID0106696951,254.62,C,2025-01-10
2501107663705957,SYNID0200521470,8978.92,C,2025-01-10
2501100887900507,SYNID0109071872,36431.89,C,2025-01-10
2501107263088597,SYNID0108964082,12050.15,C,2025-01-10
2501107777020586,SYNID0105976473,1379.48,C,2025-01-10
2501102500201439,SYNID0108145877,17521.22,C,2025-01-10
2501107587513023,SYNID0200917657,901.29,D,2025-01-10
2501101361845432,SYNID0106717778,7293.86,C,2025-01-10
2501109806137090,SYNID0106798636,459.58,C,2025-01-10
2501106139507446,SYNID0105350764,18644.03,D,2025-01-10
2501105931917579,SYNID0109028175,23194.56,D,2025-01-10
2501109255712435,SYNID0104844487,208.51,C,2025-01-10
2501100221146896,SYNID0101699519,3781.79,C,2025-01-10
2501107432088440,SYNID0108179759,1993.87,C,2025-01-10
2501104266759167,SYNID0200903625,95217.26,D,2025-01-10
2501104504432694,SYNID0105101958,2004.6,C,2025-01-10
2501109201169036,SYNID0103140011,21613.33,D,2025-01-10
2501108160720300,SYNID0100348943,4249.17,C,2025-01-10
2501103223243552,SYNID0106678679,2141.02,C,2025-01-10
2501107965070740,SYNID0103113809,10051.1,C,2025-01-10
2501102866765582,SYNID0102902018,9661.4,C,2025-01-10
2501107676854775,SYNID0105142740,3202.61,C,2025-01-10
2501104822238449,SYNID0200684273,58003.31,D,2025-01-10
2501106633971031,SYNID0101153245,56304.08,C,2025-01-10
2501103376228959,SYNID0107715505,58547.88,C,2025-01-10
2501105361409506,SYNID0105503053,2320.26,C,2025-01-10
2501108032559556,SYNID0200304685,120390.48,C,2025-01-10
2501100126755695,SYNID0102294807,9982.84,C,2025-01-10
2501108862747015,SYNID0200917657,1359.66,D,2025-01-10
2501105517584184,SYNID0200388599,82999.34,C,2025-01-10
2501107701234296,SYNID0102402474,15484.32,C,2025-01-10
2501103472227825,SYNID0200262883,6994.92,D,2025-01-10
2501108089427674,SYNID0103593111,1493.14,C,2025-01-10
2501102277056959,SYNID0107416601,2093.36,C,2025-01-10
2501104982793266,SYNID0104169039,21095.64,D,2025-01-10
2501108436801231,SYNID0200639063,10752.83,D,2025-01-10
2501103011440859,SYNID0200917657,844.71,D,2025-01-10
2501102155062890,SYNID0200488915,12625.07,C,2025-01-10
2501105928068827,SYNID0103150195,18672.43,C,2025-01-10
2501105385954441,SYNID0106578062,2054.98,C,2025-01-10
2501108408187539,SYNID0100475514,2221.19,C,2025-01-10
2501108963870703,SYNID0100998114,153.16,C,2025-01-10
2501104504465816,SYNID0200889207,412.42,C,2025-01-10
2501103958138797,SYNID0200917657,3426.44,D,2025-01-10
2501107361742592,SYNID0200428876,4685.81,D,2025-01-10
2501106345967280,SYNID0105240174,16052.87,C,2025-01-10
2501109058663395,SYNID0109094243,503.51,C,2025-01-10
2501105701133964,SYNID0200917657,5793.65,D,2025-01-10
2501106486409908,SYNID0200917657,326.32,D,2025-01-10
2501101859600878,SYNID0105924462,301.98,C,2025-01-10
2501103499620749,SYNID0103779617,25880.51,C,2025-01-10
2501101732461834,SYNID0100743147,1067.49,C,2025-01-10
2501104416149954,SYNID0108873111,750.34,C,2025-01-10
2501104008987284,SYNID0103851244,165.56,C,2025-01-10
2501102906406292,SYNID0200567030,177444.81,D,2025-01-10
2501104522282573,SYNID0102548813,23103.52,D,2025-01-10
2501104804746650,SYNID0100505014,523.9,C,2025-01-10
2501106217159293,SYNID0109078106,9044.7,C,2025-01-10
2501107496344406,SYNID0103053368,12163.03,C,2025-01-10
2501105326109666,SYNID0200744303,5802.36,C,2025-01-10
2501106693125091,SYNID0108053136,1166.42,C,2025-01-10
2501109947738597,SYNID0200917657,1236.98,D,2025-01-10
2501100257636425,SYNID0200621856,5409.31,C,2025-01-10
2501109777582708,SYNID0200621856,11693.66,C,2025-01-10
2501100209208249,SYNID0200779733,1656.46,D,2025-01-10
2501107524034816,SYNID0106727635,1723.94,C,2025-01-10
2501101241494353,SYNID0100301658,2981.01,C,2025-01-10
2501108127268799,SYNID0100340251,11864.44,C,2025-01-10
2501107163857714,SYNID0200248965,818.45,D,2025-01-10
2501104467732117,SYNID0200117193,247.45,C,2025-01-10
2501109932858975,SYNID0200639063,3729.06,C,2025-01-10
2501100228624009,SYNID0200917657,1750.93,D,2025-01-10
2501101347613503,SYNID0200760037,18267.47,D,2025-01-10
2501100657331087,SYNID0200917657,4028.66,D,2025-01-10
2501104561358502,SYNID0200192167,28058.01,D,2025-01-10
2501109032333695,SYNID0200263267,10934.94,D,2025-01-10
2501109114843277,SYNID0103265486,8852.67,C,2025-01-10
2501101878272112,SYNID0101120547,824.83,C,2025-01-10
2501101084927672,SYNID0200248965,54996.36,C,2025-01-10
2501107490842202,SYNID0200846351,15185.9,D,2025-01-10
2501104953155742,SYNID0200837172,77819.89,D,2025-01-10
2501100593041069,SYNID0105822131,3323.56,C,2025-01-10
2501105917988846,SYNID0200680099,2108.42,C,2025-01-10
2501103629708400,SYNID0109628511,12825.63,C,2025-01-10
2501107979825148,SYNID0103467208,11086.08,C,2025-01-10
2501102024885640,SYNID0200101124,1910.58,D,2025-01-10
2501116562288555,SYNID0102193695,783.39,C,2025-01-11
2501110776047604,SYNID0200917657,1024.09,D,2025-01-11
2501114921540455,SYNID0107757085,251.07,C,2025-01-11
2501110172339438,SYNID0200706795,2335.61,C,2025-01-11
2501111994791865,SYNID0200970806,1383.7,D,2025-01-11
2501113433061863,SYNID0200155033,126.71,C,2025-01-11
2501119026731264,SYNID0200917657,3578.56,D,2025-01-11
2501113076645931,SYNID0103150518,3122.57,C,2025-01-11
2501117486835868,SYNID0200155033,123914.22,C,2025-01-11
2501114199900601,SYNID0102303661,628.29,C,2025-01-11
2501117453017173,SYNID0107143081,448.09,C,2025-01-11
2501112953099034,SYNID0200917657,379.85,D,2025-01-11
2501118804352326,SYNID0200917657,4284.72,D,2025-01-11
2501111952951721,SYNID0200155033,13502.67,D,2025-01-11
2501118203707897,SYNID0200381116,23012.36,C,2025-01-11
2501112591363819,SYNID0200231662,24159.72,D,2025-01-11
2501112861098353,SYNID0200628534,5731.8,D,2025-01-11
2501119162675639,SYNID0106689068,374.56,C,2025-01-11
2501111260030754,SYNID0200970806,22269.72,C,2025-01-11
2501111296131410,SYNID0200917657,1585.69,D,2025-01-11
2501117841573899,SYNID0109633879,75443.45,C,2025-01-11
2501116005846516,SYNID0105818471,10590.16,C,2025-01-11
2501115789078453,SYNID0106407569,16645.28,D,2025-01-11
2501111433970966,SYNID0200483554,92529.04,C,2025-01-11
2501117762125011,SYNID0200231662,8470.57,C,2025-01-11
2501112008390264,SYNID0200223705,8889.29,C,2025-01-11
2501114077872908,SYNID0200621856,43399.51,C,2025-01-11
2501118361646712,SYNID0200521470,16267.82,D,2025-01-11
2501113471491337,SYNID0200588379,62107.49,D,2025-01-11
2501110886166057,SYNID0108748502,6494.58,C,2025-01-11
2501111745407893,SYNID0108572189,1119.24,C,2025-01-11
2501114535767866,SYNID0108659673,13453.44,C,2025-01-11
2501111672005685,SYNID0107331162,74327.72,C,2025-01-11
2501111537837659,SYNID0200917657,3443.67,D,2025-01-11
2501119232692691,SYNID0200917657,1386.74,D,2025-01-11
2501112920590471,SYNID0101479210,21376.64,C,2025-01-11
2501118343902501,SYNID0109895839,12123.08,C,2025-01-11
2501117349770713,SYNID0200454899,392533.75,D,2025-01-11
2501118312138709,SYNID0200917657,3596.65,D,2025-01-11
2501114857757676,SYNID0200192167,2448.4,D,2025-01-11
2501112824182313,SYNID0108870291,1181.17,C,2025-01-11
2501117358901311,SYNID0105635317,2513.6,C,2025-01-11
2501110162770973,SYNID0200031324,501.91,D,2025-01-11
2501119308206938,SYNID0100191819,6097.44,C,2025-01-11
2501110485737432,SYNID0200950065,17816.06,C,2025-01-11
2501117196867515,SYNID0200917657,662.85,D,2025-01-11
2501117159407964,SYNID0109215883,11727.96,C,2025-01-11
2501111252656325,SYNID0200190245,358967.31,D,2025-01-11
2501117557055686,SYNID0200170062,54508.89,D,2025-01-11
2501118368291587,SYNID0104435699,10372.84,C,2025-01-11
2501114829274610,SYNID0103922960,5113.51,C,2025-01-11
2501111528208152,SYNID0105069256,528.97,C,2025-01-11
2501110749974464,SYNID0101742716,1052.88,C,2025-01-11
2501117559727590,SYNID0109028175,9460.54,C,2025-01-11
2501119793050275,SYNID0200917657,4726.47,D,2025-01-11
2501115952063861,SYNID0200521470,37217.01,D,2025-01-11
2501110190060505,SYNID0200521470,1237.85,D,2025-01-11
2501113780879701,SYNID0103287088,1425.18,C,2025-01-11
2501122037316514,SYNID0200957659,176265.19,D,2025-01-12
2501120490510874,SYNID0108698113,889145.04,D,2025-01-12
2501123053416902,SYNID0200567030,322.32,C,2025-01-12
2501121119599405,SYNID0200428876,41077.3,D,2025-01-12
2501128519879828,SYNID0200470681,42049.28,D,2025-01-12
2501121667449469,SYNID0200428241,2797.26,C,2025-01-12
2501121139158402,SYNID0200521470,50119.51,D,2025-01-12
2501127880280288,SYNID0102200314,375.61,C,2025-01-12
2501128822524552,SYNID0104617848,950.52,C,2025-01-12
2501120107524939,SYNID0200152600,35603.62,D,2025-01-12
2501127385479036,SYNID0100803690,4523.18,C,2025-01-12
2501126656324169,SYNID0106611019,3902.77,C,2025-01-12
2501122362864501,SYNID0103096427,183.96,C,2025-01-12
2501124162765061,SYNID0200917657,142.01,D,2025-01-12
2501120553454174,SYNID0102790574,901.02,C,2025-01-12
2501122490582834,SYNID0100528815,2797.99,C,2025-01-12
2501129307187574,SYNID0200818158,52681.43,D,2025-01-12
2501128269977922,SYNID0200428876,2974.17,D,2025-01-12
2501125200579285,SYNID0200522327,215135.8,C,2025-01-12
2501128258358144,SYNID0102516803,5464.97,C,2025-01-12
2501120527369475,SYNID0200639063,110372.68,C,2025-01-12
2501127062278588,SYNID0107173210,868.68,C,2025-01-12
2501127960438100,SYNID0103409132,13037.38,C,2025-01-12
2501123511884518,SYNID0108317889,143732.62,C,2025-01-12
2501125367884344,SYNID0200531195,44508.74,D,2025-01-12
2501125326750428,SYNID0200917657,3507.07,D,2025-01-12
2501128311348778,SYNID0106436314,9852.95,C,2025-01-12
2501126586964844,SYNID0105004160,7703.46,C,2025-01-12
2501129784678544,SYNID0200947350,10203.91,C,2025-01-12
2501124592925412,SYNID0200639063,3437.15,C,2025-01-12
2501121814001472,SYNID0200170062,43479.51,D,2025-01-12
2501128723733414,SYNID0200639063,85070.98,C,2025-01-12
2501123708675002,SYNID0200491109,1435.9,C,2025-01-12
2501125062705486,SYNID0200691967,361736.78,C,2025-01-12
2501128593073730,SYNID0108317889,2196.91,C,2025-01-12
2501128421697292,SYNID0109934370,2110.17,C,2025-01-12
2501121159417010,SYNID0102588841,176.13,C,2025-01-12
2501120028918996,SYNID0105838340,1029.99,C,2025-01-12
2501129896246887,SYNID0100140803,2671.16,C,2025-01-12
2501128119522525,SYNID0200447063,21194.71,D,2025-01-12
2501128079601962,SYNID0200498815,134434.9,C,2025-01-12
2501125351240956,SYNID0105186412,9914.85,C,2025-01-12
2501120937091953,SYNID0108370193,16387.25,D,2025-01-12
2501124859537505,SYNID0105891650,695.86,D,2025-01-12
2501129777679895,SYNID0103707538,1544.11,C,2025-01-12
2501126395472514,SYNID0106691457,20606.56,C,2025-01-12
2501124466166769,SYNID0200639063,76193.77,D,2025-01-12
2501125064122130,SYNID0200190245,136866.82,D,2025-01-12
2501121399928332,SYNID0103150195,158.1,C,2025-01-12
2501121228940418,SYNID0103131248,5406.61,D,2025-01-12
2501122628943884,SYNID0108908279,11909.99,D,2025-01-12
2501128279204687,SYNID0101552116,2347.25,C,2025-01-12
2501128622723184,SYNID0106678679,3150.55,C,2025-01-12
2501127635901625,SYNID0102744980,4963.24,C,2025-01-12
2501128432046157,SYNID0200885757,1809.37,C,2025-01-12
2501128478304079,SYNID0108149053,103.6,C,2025-01-12
2501127700107362,SYNID0105320659,3280.41,C,2025-01-12
2501127375070595,SYNID0107009468,735.77,C,2025-01-12
2501123153412719,SYNID0106280396,46604.32,D,2025-01-12
2501124902445193,SYNID0107097973,4252.79,C,2025-01-12
2501120934531432,SYNID0200377163,3573.87,D,2025-01-12
2501124279969929,SYNID0100737733,2117.17,C,2025-01-12
2501121316917440,SYNID0103304316,541.53,C,2025-01-12
2501128542428859,SYNID0200588379,32296.04,D,2025-01-12
2501125337417739,SYNID0105496670,12610.37,C,2025-01-12
2501128025514404,SYNID0101172146,2904.15,C,2025-01-12
2501125522080859,SYNID0107809895,1954.13,C,2025-01-12
2501127475939018,SYNID0108554953,10469.93,C,2025-01-12
2501127831589026,SYNID0100264783,1530.78,C,2025-01-12
2501126068390807,SYNID0200917657,1223.2,D,2025-01-12
2501123086220938,SYNID0200512824,6044.39,D,2025-01-12
2501123890418651,SYNID0100475971,197.77,C,2025-01-12
2501128492425647,SYNID0103229071,11871.74,D,2025-01-12
2501122859325793,SYNID0200374998,897.72,D,2025-01-12
2501125625570034,SYNID0200192167,45773.94,D,2025-01-12
2501124031036639,SYNID0109405298,58384.25,C,2025-01-12
2501121935615303,SYNID0108734091,1995.95,C,2025-01-12
2501120104534280,SYNID0105177595,520.61,C,2025-01-12
2501128299700636,SYNID0107490609,6440.98,C,2025-01-12
2501121370646682,SYNID0105446766,3541.19,C,2025-01-12
2501129261424937,SYNID0109814264,1164.21,C,2025-01-12
2501120398829289,SYNID0200917657,901.92,D,2025-01-12
2501121069221586,SYNID0100236898,3652.87,C,2025-01-12
2501127725470287,SYNID0103973672,142955.01,C,2025-01-12
2501133082046423,SYNID0108908279,3610.98,C,2025-01-13
2501136943516759,SYNID0200522327,7311.68,D,2025-01-13
2501138632455432,SYNID0200131696,6550.04,C,2025-01-13
2501132346894707,SYNID0109162330,44514.63,D,2025-01-13
2501132260007040,SYNID0104435699,3074.73,C,2025-01-13
2501139138384873,SYNID0200224400,40194.57,D,2025-01-13
2501136130835176,SYNID0200155033,2288.8,D,2025-01-13
2501133867659670,SYNID0200973678,4076.06,D,2025-01-13
2501131501509975,SYNID0200301113,27248.94,D,2025-01-13
2501135530254932,SYNID0200917657,4963.78,D,2025-01-13
2501133799274128,SYNID0200846351,6409.22,C,2025-01-13
2501130897147676,SYNID0200628534,74187.0,C,2025-01-13
2501130332118901,SYNID0200621856,14365.95,D,2025-01-13
2501131680103818,SYNID0104603980,333.57,C,2025-01-13
2501133147440546,SYNID0200917657,262.33,D,2025-01-13
2501137095449347,SYNID0200917657,3625.03,D,2025-01-13
2501137381552584,SYNID0104363060,209.15,C,2025-01-13
2501135997936766,SYNID0103287088,247.99,C,2025-01-13
2501137444521988,SYNID0200582794,1756.6,D,2025-01-13
2501131312954698,SYNID0200951869,2260.14,C,2025-01-13
2501132877707317,SYNID0200567030,75800.06,D,2025-01-13
2501133016427500,SYNID0200192167,3979.13,C,2025-01-13
2501134240715856,SYNID0108670928,2102.77,C,2025-01-13
2501135252238632,SYNID0200192167,13212.2,D,2025-01-13
2501133435176326,SYNID0102825999,4102.46,C,2025-01-13
2501133095501706,SYNID0100405020,737.16,D,2025-01-13
2501134346688219,SYNID0200834607,9063.92,D,2025-01-13
2501139049739530,SYNID0200326842,7554.82,C,2025-01-13
2501139615014037,SYNID0200392546,54129.62,C,2025-01-13
2501134658209249,SYNID0200345407,25221.18,C,2025-01-13
2501136434504892,SYNID0200366064,8958.74,D,2025-01-13
2501147619482185,SYNID0101670212,46944.62,D,2025-01-14
2501140491693360,SYNID0106484803,5360.4,D,2025-01-14
2501149039135839,SYNID0105727293,6046.85,C,2025-01-14
2501146945198356,SYNID0200326842,150814.6,C,2025-01-14
2501145983015384,SYNID0200062723,35498.65,C,2025-01-14
2501147687563320,SYNID0200345105,6155.9,D,2025-01-14
2501148031378301,SYNID0101431251,100.22,C,2025-01-14
2501144334696762,SYNID0200567030,329.61,C,2025-01-14
2501141660843146,SYNID0106874895,229.59,C,2025-01-14
2501143703429485,SYNID0200892808,6490.4,C,2025-01-14
2501143475789298,SYNID0107427748,7880.42,D,2025-01-14
2501143853376564,SYNID0100947155,547.11,C,2025-01-14
2501146231139451,SYNID0200830373,38588.93,D,2025-01-14
2501149539420101,SYNID0105473204,43900.92,D,2025-01-14
2501146207524814,SYNID0104237502,716.28,D,2025-01-14
2501148687999764,SYNID0107138364,15800.96,D,2025-01-14
2501140454966353,SYNID0200155033,3076.74,D,2025-01-14
2501140964203410,SYNID0105433263,4186.29,D,2025-01-14
2501147022080830,SYNID0200494373,9749.27,D,2025-01-14
2501159850502446,SYNID0102699218,1033.84,C,2025-01-15
2501150161537228,SYNID0109002422,425.83,C,2025-01-15
2501150111610246,SYNID0102436899,7991.83,D,2025-01-15
2501154733012784,SYNID0102588841,1315.43,C,2025-01-15
2501152491686862,SYNID0200192167,54133.72,D,2025-01-15
2501158675518335,SYNID0104723093,5747.24,C,2025-01-15
2501152980873997,SYNID0200917657,5119.95,D,2025-01-15
2501150369486041,SYNID0108923276,1188.06,C,2025-01-15
2501156550124082,SYNID0107505069,800.55,D,2025-01-15
2501153743470569,SYNID0105986521,778.84,C,2025-01-15
2501159736942547,SYNID0108576469,3440.12,C,2025-01-15
2501152443539283,SYNID0108085502,5321.32,C,2025-01-15
2501159538865431,SYNID0200881262,711.17,C,2025-01-15
2501157302773419,SYNID0200639063,21253.3,C,2025-01-15
2501156798063244,SYNID0104499042,83864.02,C,2025-01-15
2501158815682601,SYNID0103150195,15649.3,C,2025-01-15
2501151661622862,SYNID0200917657,274.19,D,2025-01-15
2501153785461775,SYNID0109649499,1077.75,C,2025-01-15
2501159531405929,SYNID0200917657,2534.07,D,2025-01-15
2501167662023763,SYNID0200490486,6418.72,C,2025-01-16
2501163261075257,SYNID0108957577,1048.84,C,2025-01-16
2501167309475096,SYNID0104445643,43676.09,D,2025-01-16
2501160368895273,SYNID0102002871,235.82,C,2025-01-16
2501160959772042,SYNID0106750832,9454.68,C,2025-01-16
2501167910188740,SYNID0102733640,178.88,C,2025-01-16
2501169135414358,SYNID0106750078,2251.92,C,2025-01-16
2501162237412823,SYNID0200917657,1522.08,D,2025-01-16
2501169084915175,SYNID0100259428,11489.72,D,2025-01-16
2501160118718681,SYNID0108269701,3802.22,C,2025-01-16
2501169378604677,SYNID0200974843,10203.67,D,2025-01-16
2501164574656150,SYNID0107331162,2644.66,C,2025-01-16
2501165764597422,SYNID0200917657,5461.15,D,2025-01-16
2501166469629528,SYNID0101452404,382.57,C,2025-01-16
2501169554403959,SYNID0101452404,4655.43,C,2025-01-16
2501164706664351,SYNID0104955153,1046.33,C,2025-01-16
2501161668154857,SYNID0100845624,387028.06,D,2025-01-16
2501167402551003,SYNID0106825796,1491.16,C,2025-01-16
2501164325642231,SYNID0200639789,2509.8,D,2025-01-16
2501162592450916,SYNID0200759426,919.85,D,2025-01-16
2501160450886610,SYNID0109290528,513.38,C,2025-01-16
2501163090293601,SYNID0200487781,2736.82,C,2025-01-16
2501167040719445,SYNID0200917657,4326.17,D,2025-01-16
2501164364359271,SYNID0100724305,20700.32,C,2025-01-16
2501163291614803,SYNID0109814264,792.35,D,2025-01-16
2501166309504673,SYNID0100264783,490.15,C,2025-01-16
2501164541031669,SYNID0103945042,2304.46,C,2025-01-16
2501161667974466,SYNID0200917657,1268.33,D,2025-01-16
2501166502336053,SYNID0107387591,323557.39,D,2025-01-16
2501167224236211,SYNID0102825999,1450.34,C,2025-01-16
2501166283038179,SYNID0100736470,5236.1,D,2025-01-16
2501165436763232,SYNID0200917657,3827.21,D,2025-01-16
2501165248388331,SYNID0101956117,4990.09,D,2025-01-16
2501161930223125,SYNID0105249357,903.34,C,2025-01-16
2501161144090482,SYNID0108082940,246.98,C,2025-01-16
2501167256130768,SYNID0200917657,1589.92,D,2025-01-16
2501163410681798,SYNID0102079603,292.95,C,2025-01-16
2501164761503077,SYNID0107817128,587.66,C,2025-01-16
2501164707519865,SYNID0102703391,9084.74,C,2025-01-16
2501161548807839,SYNID0200917657,672.25,D,2025-01-16
2501165427426307,SYNID0102848449,307.17,C,2025-01-16
2501162339398694,SYNID0200483554,30773.27,D,2025-01-16
2501165354576621,SYNID0200494373,3513.3,D,2025-01-16
2501166319291091,SYNID0105842189,1051.97,C,2025-01-16
2501162325479341,SYNID0104111702,221.73,C,2025-01-16
2501170076724737,SYNID0200486202,28435.25,C,2025-01-17
2501173560267187,SYNID0103564499,7346.37,C,2025-01-17
2501176125236192,SYNID0105525386,1063.83,C,2025-01-17
2501174900741564,SYNID0200578810,116520.82,D,2025-01-17
2501171427924392,SYNID0108339560,149.13,C,2025-01-17
2501173039788674,SYNID0100071621,139633.2,C,2025-01-17
2501170115930481,SYNID0109061209,479.58,C,2025-01-17
2501172890865671,SYNID0105697229,1773.57,C,2025-01-17
2501175368971861,SYNID0108770535,513.91,C,2025-01-17
2501173899794832,SYNID0200917657,3512.35,D,2025-01-17
2501173619884860,SYNID0106244470,9533.03,D,2025-01-17
2501175472377765,SYNID0105316465,2045.13,C,2025-01-17
2501176123583832,SYNID0200917657,608.69,D,2025-01-17
2501179382146789,SYNID0200494373,92549.44,D,2025-01-17
2501179816723826,SYNID0108900184,8224.2,C,2025-01-17
2501174333089198,SYNID0200917657,3485.77,D,2025-01-17
2501177511849977,SYNID0200991900,12022.05,C,2025-01-17
2501175688045516,SYNID0104595026,20640.83,C,2025-01-17
2501175530780743,SYNID0109163512,3297.96,D,2025-01-17
2501174714740922,SYNID0101285545,6045.75,C,2025-01-17
2501175747940229,SYNID0106581856,2791.12,C,2025-01-17
2501173418084607,SYNID0200032918,6900.71,C,2025-01-17
2501176579942505,SYNID0103910808,7950.99,D,2025-01-17
2501179396206912,SYNID0200917657,236.02,D,2025-01-17
2501176471696661,SYNID0108968341,1086.16,C,2025-01-17
2501170938610670,SYNID0200917657,2043.69,D,2025-01-17
2501177025349198,SYNID0102858392,2650.24,C,2025-01-17
2501173540605207,SYNID0102181483,162.49,C,2025-01-17
2501172499734018,SYNID0200917657,1185.17,D,2025-01-17
2501175954259827,SYNID0104038735,684.76,C,2025-01-17
2501178415154181,SYNID0103829574,407.34,C,2025-01-17
2501171761818661,SYNID0104807430,8257.03,C,2025-01-17
2501175960756711,SYNID0200211335,2128.53,D,2025-01-17
2501173529847577,SYNID0107818715,2140.66,C,2025-01-17
2501174663833988,SYNID0200494499,54432.43,D,2025-01-17
2501173620810855,SYNID0102501323,1034.64,C,2025-01-17
2501175551149364,SYNID0107369002,1541.49,D,2025-01-17
2501179798876489,SYNID0200248577,28008.69,C,2025-01-17
2501176537139256,SYNID0200639063,4459.93,D,2025-01-17
2501171342594922,SYNID0107648440,7951.28,C,2025-01-17
2501176443206627,SYNID0109272327,1085.28,C,2025-01-17
2501176352821494,SYNID0103113397,321.16,C,2025-01-17
2501175917016845,SYNID0200660991,5410.18,C,2025-01-17
2501173840170257,SYNID0109053387,20763.3,C,2025-01-17
2501178628940504,SYNID0200917657,376.72,D,2025-01-17
2501170854956980,SYNID0200289290,21629.89,D,2025-01-17
2501175022518905,SYNID0200361721,79304.67,D,2025-01-17
2501177735885553,SYNID0200942069,133278.49,C,2025-01-17
2501174423362193,SYNID0106626464,50.56,C,2025-01-17
2501176589771843,SYNID0200521470,6816.1,D,2025-01-17
2501175371098896,SYNID0200917657,4452.89,D,2025-01-17
2501171924508073,SYNID0103568592,1105.04,C,2025-01-17
2501177886256061,SYNID0200683183,22526.6,D,2025-01-17
2501171737805152,SYNID0200917657,791.89,D,2025-01-17
2501172432030284,SYNID0200639063,4901497.7,C,2025-01-17
2501175457664688,SYNID0107074126,385.57,C,2025-01-17
2501179793066296,SYNID0108780007,798.29,C,2025-01-17
2501172224874753,SYNID0108780007,1455.19,C,2025-01-17
2501176661139181,SYNID0200639063,14037.13,D,2025-01-17
2501171831445985,SYNID0106436314,2775.15,C,2025-01-17
2501174610272224,SYNID0200917657,1437.2,D,2025-01-17
2501179160932311,SYNID0200917657,1553.51,D,2025-01-17
2501179857431225,SYNID0200950065,5825.99,C,2025-01-17
2501172393035356,SYNID0108798998,2223.19,C,2025-01-17
2501173077694315,SYNID0106907403,317800.86,D,2025-01-17
2501177598741510,SYNID0200192167,1706.39,D,2025-01-17
2501176908036076,SYNID0105375834,1792.97,D,2025-01-17
2501175458085929,SYNID0200779733,11534.22,D,2025-01-17
2501171067739520,SYNID0100166682,6367.96,C,2025-01-17
2501170316941284,SYNID0200917657,556.08,D,2025-01-17
2501170484921893,SYNID0102940659,7235.08,D,2025-01-17
2501173604653388,SYNID0106562928,69607.74,C,2025-01-17
2501174833850627,SYNID0200330706,292.12,C,2025-01-17
2501175045767265,SYNID0200885757,1957.36,D,2025-01-17
2501174587477703,SYNID0200950065,57.45,C,2025-01-17
2501172388846836,SYNID0109493049,11184.94,D,2025-01-17
2501174956073963,SYNID0109814264,44566.94,D,2025-01-17
2501179358053172,SYNID0200917657,916.52,D,2025-01-17
2501171870673492,SYNID0102964849,121305.32,C,2025-01-17
2501170880268322,SYNID0200284770,17997.73,D,2025-01-17
2501174869708148,SYNID0101452404,10603.82,C,2025-01-17
2501176663090192,SYNID0200428876,6351.28,C,2025-01-17
2501176271075557,SYNID0200538935,31660.03,D,2025-01-17
2501173262481489,SYNID0103720179,7793.45,D,2025-01-17
2501173703182258,SYNID0105844533,36787.64,C,2025-01-17
2501175693225242,SYNID0109466677,706.3,D,2025-01-17
2501179164772491,SYNID0103131248,518.09,C,2025-01-17
2501170983815823,SYNID0104955153,110295.62,C,2025-01-17
2501175787245013,SYNID0103368577,1136.03,C,2025-01-17
2501174605700682,SYNID0200045450,4031.13,C,2025-01-17
2501178649114103,SYNID0200917657,7323.11,D,2025-01-17
2501175751881473,SYNID0102741120,20169.22,C,2025-01-17
2501176877259264,SYNID0105844533,726.25,C,2025-01-17
2501178828206971,SYNID0102790574,3195.92,C,2025-01-17
2501176738021100,SYNID0200917657,1108.89,D,2025-01-17
2501176639831705,SYNID0200373202,25843.65,D,2025-01-17
2501172134426184,SYNID0105875576,1824.76,C,2025-01-17
2501170957697219,SYNID0100085002,3997.17,C,2025-01-17
2501175421131315,SYNID0106420004,36300.82,C,2025-01-17
2501177868154663,SYNID0200488915,1293.38,C,2025-01-17
2501176900572829,SYNID0100550330,165.87,C,2025-01-17
2501176276713305,SYNID0200524159,6026.35,D,2025-01-17
2501172352209712,SYNID0200537412,16842.7,C,2025-01-17
2501177860356519,SYNID0103586091,17815.96,C,2025-01-17
2501173845886715,SYNID0200119386,8397.95,D,2025-01-17
2501177935590167,SYNID0200806649,60975.16,C,2025-01-17
2501170167982636,SYNID0200917657,666.5,D,2025-01-17
2501178256795972,SYNID0200248965,35569.83,D,2025-01-17
2501176358245892,SYNID0200917657,470.5,D,2025-01-17
2501170700524726,SYNID0200345407,39735.0,C,2025-01-17
2501176958335486,SYNID0109633879,1790.09,D,2025-01-17
2501174808394365,SYNID0104768657,6888.38,C,2025-01-17
2501173090377157,SYNID0200375148,21938.34,C,2025-01-17
2501172611861392,SYNID0104634327,6778.88,C,2025-01-17
2501175454075359,SYNID0108641559,2262.58,C,2025-01-17
2501171874372424,SYNID0200917657,2944.82,D,2025-01-17
2501176418840917,SYNID0200840577,1479.64,D,2025-01-17
2501170934299808,SYNID0200362585,32581.35,D,2025-01-17
2501177445370121,SYNID0101293592,1092.41,D,2025-01-17
2501185783553644,SYNID0200917657,2492.08,D,2025-01-18
2501186876070471,SYNID0200974843,5415.2,C,2025-01-18
2501180925873454,SYNID0200740837,116005.09,C,2025-01-18
2501187594136571,SYNID0200243065,15467.58,C,2025-01-18
2501187629535295,SYNID0200282117,8552.04,C,2025-01-18
2501183037409473,SYNID0100333008,30940.44,C,2025-01-18
2501187666084740,SYNID0108395506,4235.68,C,2025-01-18
2501183541367964,SYNID0106350653,1593.51,C,2025-01-18
2501181817469204,SYNID0200674036,3515.59,C,2025-01-18
2501187537052708,SYNID0200917657,1076.16,D,2025-01-18
2501180960376298,SYNID0102485373,1044.03,C,2025-01-18
2501187430087619,SYNID0200917657,3531.26,D,2025-01-18
2501187379670233,SYNID0101105191,15719.76,C,2025-01-18
2501183422435084,SYNID0100060456,6834.55,C,2025-01-18
2501182456262426,SYNID0200917657,1829.99,D,2025-01-18
2501181300469405,SYNID0106720382,18195.05,C,2025-01-18
2501183284535798,SYNID0108942458,2338.16,C,2025-01-18
2501180492227061,SYNID0109075609,10333.32,C,2025-01-18
2501186286399970,SYNID0105660335,52103.84,D,2025-01-18
2501186043838261,SYNID0100714451,1684.53,D,2025-01-18
2501183459832358,SYNID0200846351,1583.88,C,2025-01-18
2501181507949182,SYNID0105364046,412.77,C,2025-01-18
2501185677209548,SYNID0101377159,361.39,C,2025-01-18
2501180992597500,SYNID0200120214,60068.62,C,2025-01-18
2501185541315638,SYNID0200428876,27458.2,C,2025-01-18
2501189365911836,SYNID0105868876,2607.85,C,2025-01-18
2501184862200097,SYNID0108703289,9375.37,C,2025-01-18
2501187718112419,SYNID0200447063,183420.38,C,2025-01-18
2501187014567279,SYNID0200834607,131001.39,C,2025-01-18
2501180851572269,SYNID0107685234,2915.31,C,2025-01-18
2501187942457386,SYNID0200271454,3164.59,C,2025-01-18
2501189764917855,SYNID0103744932,1094.3,C,2025-01-18
2501186171544387,SYNID0200521470,1689.88,D,2025-01-18
2501189980090310,SYNID0200531195,9341.78,D,2025-01-18
2501182083028357,SYNID0101720569,1136.73,C,2025-01-18
2501188746258559,SYNID0200639063,2760.06,D,2025-01-18
2501181346379975,SYNID0200639063,6686.96,D,2025-01-18
2501184415740731,SYNID0107203125,15162.81,C,2025-01-18
2501180997795809,SYNID0105823915,511.24,C,2025-01-18
2501181253956808,SYNID0200917657,3505.28,D,2025-01-18
2501186569816479,SYNID0200917657,4650.55,D,2025-01-18
2501187728355519,SYNID0106484513,7173.78,C,2025-01-18
2501187018343952,SYNID0200917657,1235.33,D,2025-01-18
2501182250810758,SYNID0200393622,9160.94,D,2025-01-18
2501189428049811,SYNID0200524159,1116.69,C,2025-01-18
2501187335580352,SYNID0200071039,93253.29,C,2025-01-18
2501189813330979,SYNID0200917657,3616.01,D,2025-01-18
2501184847770953,SYNID0200639063,2304.36,D,2025-01-18
2501183184632895,SYNID0200473765,51215.21,D,2025-01-18
2501187732409588,SYNID0200352243,9232.49,C,2025-01-18
2501185978551141,SYNID0109087042,1579.76,C,2025-01-18
2501185650189420,SYNID0200760037,5666.48,D,2025-01-18
2501186943736385,SYNID0200639063,13105.46,D,2025-01-18
2501186333379894,SYNID0103413629,581.33,C,2025-01-18
2501185766408226,SYNID0200917657,10344.68,D,2025-01-18
2501181979990918,SYNID0200969737,775524.52,C,2025-01-18
2501181298297700,SYNID0104340116,38386.75,C,2025-01-18
2501185213102124,SYNID0106273226,357.94,C,2025-01-18
2501183808060895,SYNID0101697858,22303.69,C,2025-01-18
2501183060901032,SYNID0200993733,3746.76,D,2025-01-18
2501181125707902,SYNID0200020394,1095.58,C,2025-01-18
2501183658362497,SYNID0108813794,7802.2,C,2025-01-18
2501184316340811,SYNID0200744055,1166.5,C,2025-01-18
2501189001283525,SYNID0200056757,4783.01,D,2025-01-18
2501187022073642,SYNID0200917657,169115.26,C,2025-01-18
2501184366971411,SYNID0200206399,24318.8,D,2025-01-18
2501187050523768,SYNID0200903625,20996.67,D,2025-01-18
2501184860656521,SYNID0104227665,7079.86,C,2025-01-18
2501185687227747,SYNID0103503760,1099.58,C,2025-01-18
2501184232674497,SYNID0200258348,21525.5,C,2025-01-18
2501188298893025,SYNID0200917657,57182.24,D,2025-01-18
2501192886339568,SYNID0108520166,3191.65,C,2025-01-19
2501194263776442,SYNID0106484803,754.41,D,2025-01-19
2501192346900383,SYNID0108473973,8148.61,C,2025-01-19
2501193381802404,SYNID0200968058,103844.66,D,2025-01-19
2501199023943316,SYNID0101789063,2445.28,C,2025-01-19
2501195637027546,SYNID0200639063,81475.0,D,2025-01-19
2501191988398026,SYNID0105000785,10675.79,C,2025-01-19
2501199539486764,SYNID0200428876,2228.69,C,2025-01-19
2501199167925112,SYNID0108659673,965.37,C,2025-01-19
2501192000658952,SYNID0106747791,58582.13,C,2025-01-19
2501198405944319,SYNID0104480183,84214.88,D,2025-01-19
2501192947026506,SYNID0102660989,15469.03,C,2025-01-19
2501195167629777,SYNID0100870538,8195.03,C,2025-01-19
2501197235857404,SYNID0106273226,2599.02,C,2025-01-19
2501194545552056,SYNID0104844487,3690.85,C,2025-01-19
2501194139066160,SYNID0200640961,58211.68,C,2025-01-19
2501193781957518,SYNID0200953607,12240.17,C,2025-01-19
2501198297552176,SYNID0108036747,1040.95,C,2025-01-19
2501191430138212,SYNID0200917657,2819.13,D,2025-01-19
2501193029666514,SYNID0104859272,429.68,C,2025-01-19
2501190385687036,SYNID0103982184,2106.54,C,2025-01-19
2501192883926475,SYNID0105268655,291.62,C,2025-01-19
2501199594546402,SYNID0105385263,2193.59,C,2025-01-19
2501192117271834,SYNID0108062065,26528.14,C,2025-01-19
2501195733836183,SYNID0200190245,137318.49,D,2025-01-19
2501191359629765,SYNID0109057873,6726.45,C,2025-01-19
2501199686864722,SYNID0102499757,6150.19,D,2025-01-19
2501197719364444,SYNID0200917657,5226.55,D,2025-01-19
2501195091349957,SYNID0109389905,8359.28,C,2025-01-19
2501195668383276,SYNID0200950065,37331.26,C,2025-01-19
2501191807018612,SYNID0101790720,107549.43,D,2025-01-19
2501198558166472,SYNID0100475514,42343.3,C,2025-01-19
2501194948878185,SYNID0109160215,3323.01,C,2025-01-19
2501191424675854,SYNID0200428876,12376.95,C,2025-01-19
2501194060491145,SYNID0100860659,15609.24,C,2025-01-19
2501195693370975,SYNID0200847447,14104.83,C,2025-01-19
2501198502891992,SYNID0109876397,3118.29,C,2025-01-19
2501198534264886,SYNID0107382637,3134.24,C,2025-01-19
2501195124110396,SYNID0200747322,7521.73,D,2025-01-19
2501193544805258,SYNID0102703391,1694.06,D,2025-01-19
2501192694969688,SYNID0108030468,193.43,D,2025-01-19
2501190984078209,SYNID0106259711,745.72,D,2025-01-19
2501190599954785,SYNID0106429549,4230.43,C,2025-01-19
2501194197023173,SYNID0104583503,2393.67,C,2025-01-19
2501196990496136,SYNID0105321438,47071.79,D,2025-01-19
2501196484009348,SYNID0100565872,210.96,C,2025-01-19
2501198255237725,SYNID0104715330,5178.14,C,2025-01-19
2501193457739066,SYNID0109544503,5311.79,C,2025-01-19
2501193915932810,SYNID0102902018,89540.42,D,2025-01-19
2501199886472663,SYNID0200917657,3474.38,D,2025-01-19
2501190969334867,SYNID0107914379,316.69,C,2025-01-19
2501195284031768,SYNID0100353696,1969.63,C,2025-01-19
2501191878258662,SYNID0107519995,1689.22,C,2025-01-19
2501190366315384,SYNID0200903625,968.23,C,2025-01-19
2501191264692203,SYNID0103145370,51444.67,D,2025-01-19
2501196141342740,SYNID0109749038,568.41,C,2025-01-19
2501197527607038,SYNID0101206344,1132.8,C,2025-01-19
2501190991642799,SYNID0101843084,9894.62,C,2025-01-19
2501194998420494,SYNID0106652180,10587.01,C,2025-01-19
2501197970093748,SYNID0101720569,1610.77,D,2025-01-19
2501193972464815,SYNID0105660335,2270.87,C,2025-01-19
2501194202444674,SYNID0102386693,2423.69,C,2025-01-19
2501195190402783,SYNID0100914035,8710.59,C,2025-01-19
2501191723995489,SYNID0108426268,1054.31,C,2025-01-19
2501195147710623,SYNID0200917657,759.32,D,2025-01-19
2501199054750409,SYNID0100236234,2604.25,C,2025-01-19
2501196906238972,SYNID0109343632,16568.14,D,2025-01-19
2501195148403157,SYNID0105473204,4189.59,D,2025-01-19
2501191596057418,SYNID0200192167,2410.03,D,2025-01-19
2501194008974747,SYNID0109443838,11379.82,C,2025-01-19
2501192681408193,SYNID0107657410,96704.71,D,2025-01-19
2501199693115066,SYNID0109141463,1763.51,C,2025-01-19
2501191620909314,SYNID0102002871,5121.67,C,2025-01-19
2501194598821936,SYNID0107954045,50.57,C,2025-01-19
2501197546074990,SYNID0101651669,8234.14,C,2025-01-19
2501191006664984,SYNID0104976647,4703.8,C,2025-01-19
2501209413214479,SYNID0200917657,1017.77,D,2025-01-20
2501205509394516,SYNID0200917657,496.7,D,2025-01-20
2501206343354851,SYNID0200939175,9484.44,D,2025-01-20
2501208893098855,SYNID0200791830,40147.21,C,2025-01-20
2501205566114754,SYNID0200917657,1106.91,D,2025-01-20
2501203718472477,SYNID0103724835,3124.35,C,2025-01-20
2501209032415234,SYNID0200170062,30236.52,D,2025-01-20
2501203253788235,SYNID0200521470,109128.94,C,2025-01-20
2501206497154193,SYNID0200747220,39622.47,C,2025-01-20
2501207686016662,SYNID0108395873,10571.11,C,2025-01-20
2501205170022704,SYNID0200993733,19387.68,C,2025-01-20
2501205131131204,SYNID0100264783,320868.65,D,2025-01-20
2501209402937104,SYNID0105818471,49792.19,C,2025-01-20
2501200950150963,SYNID0200017800,21763.81,D,2025-01-20
2501205595786022,SYNID0200642224,47648.11,D,2025-01-20
2501205513146686,SYNID0106705841,370834.47,D,2025-01-20
2501209691441238,SYNID0200031567,487056.9,C,2025-01-20
2501208481660324,SYNID0101768312,13922.86,C,2025-01-20
2501205301458815,SYNID0200535427,634.66,C,2025-01-20
2501204761912069,SYNID0200639789,30457.62,D,2025-01-20
2501202602445745,SYNID0102047281,1627.2,C,2025-01-20
2501207558153386,SYNID0200917657,611.02,D,2025-01-20
2501203222830100,SYNID0200210630,2831.37,D,2025-01-20
2501207170940988,SYNID0200834130,12707.59,D,2025-01-20
2501201997993095,SYNID0200917657,3613.0,D,2025-01-20
2501200084634605,SYNID0102618380,758195.15,D,2025-01-20
2501209735286295,SYNID0106096810,4804.58,C,2025-01-20
2501201835290653,SYNID0200706232,28865.46,D,2025-01-20
2501206521417319,SYNID0200363017,44810.83,D,2025-01-20
2501201399692655,SYNID0200192167,10705.42,D,2025-01-20
2501206224586869,SYNID0200155033,11049.99,D,2025-01-20
2501202837554387,SYNID0200846351,543.08,D,2025-01-20
2501207124564455,SYNID0106784502,3705.53,C,2025-01-20
2501208017549103,SYNID0200674036,19561.81,C,2025-01-20
2501202416499898,SYNID0200846351,10851.75,D,2025-01-20
2501202789272027,SYNID0200366064,18289.25,C,2025-01-20
2501202123120002,SYNID0200428876,1530.07,C,2025-01-20
2501207996072268,SYNID0200117193,503870.57,C,2025-01-20
2501205631583660,SYNID0200814187,222927.99,C,2025-01-20
2501206300490950,SYNID0107899704,2803.05,C,2025-01-20
2501210701492346,SYNID0200362585,5931.14,D,2025-01-21
2501216567959567,SYNID0100085002,3547.78,C,2025-01-21
2501210742020397,SYNID0109259823,10501.59,C,2025-01-21
2501213777581274,SYNID0105393576,10734.31,C,2025-01-21
2501213628689605,SYNID0102135013,11753.11,C,2025-01-21
2501214821935625,SYNID0200500850,179697.62,D,2025-01-21
2501215219753381,SYNID0109160195,50139.64,D,2025-01-21
2501215783954043,SYNID0104658360,4350.8,C,2025-01-21
2501213218988687,SYNID0101420719,1327.16,C,2025-01-21
2501218077920921,SYNID0103150195,12007.12,C,2025-01-21
2501217646326820,SYNID0200538935,8280.08,D,2025-01-21
2501210272865809,SYNID0105457439,1357.17,C,2025-01-21
2501213519471474,SYNID0107331162,7361.18,C,2025-01-21
2501213425039619,SYNID0102856349,8762.27,C,2025-01-21
2501227988449893,SYNID0200428241,67.67,C,2025-01-22
2501221836346402,SYNID0200428876,1368.8,D,2025-01-22
2501227020380984,SYNID0109770711,510.49,C,2025-01-22
2501226816856022,SYNID0200917657,637.49,D,2025-01-22
2501223835601785,SYNID0101420719,2996.56,C,2025-01-22
2501229792435753,SYNID0108800174,1386.22,C,2025-01-22
2501229453063012,SYNID0200170062,73884.39,C,2025-01-22
2501220395882919,SYNID0200249449,13783.22,C,2025-01-22
2501220933034307,SYNID0200032918,34351.74,C,2025-01-22
2501220926616094,SYNID0101452404,517.87,C,2025-01-22
2501227912824454,SYNID0200639063,29975.71,C,2025-01-22
2501236191015625,SYNID0101717620,2961.79,C,2025-01-23
2501231541309254,SYNID0109187728,1690.86,C,2025-01-23
2501236527506815,SYNID0102233582,15983.33,D,2025-01-23
2501232113846220,SYNID0104106561,3308.23,C,2025-01-23
2501234389464357,SYNID0103044180,4326.93,C,2025-01-23
2501233923643306,SYNID0200868532,2793.3,D,2025-01-23
2501235478877771,SYNID0107649135,102267.09,C,2025-01-23
2501237594276447,SYNID0200892808,26922.16,D,2025-01-23
2501231195135899,SYNID0102208896,104392.15,C,2025-01-23
2501234958721978,SYNID0108850348,562.66,C,2025-01-23
2501232813511504,SYNID0101665272,25435.45,C,2025-01-23
2501232259356837,SYNID0200917657,3416.0,D,2025-01-23
2501236959589610,SYNID0105765514,7873.0,D,2025-01-23
2501234708708474,SYNID0107568255,2672.02,C,2025-01-23
2501232706832375,SYNID0109242111,5841.79,D,2025-01-23
2501230257735665,SYNID0104815038,6695.66,C,2025-01-23
2501230874018377,SYNID0103238729,5323.18,D,2025-01-23
2501230074787301,SYNID0200428241,832.66,D,2025-01-23
2501234070686828,SYNID0104465425,5577.47,C,2025-01-23
2501235798813966,SYNID0200917657,1021.83,D,2025-01-23
2501239191651427,SYNID0107765965,11704.88,C,2025-01-23
2501238770891648,SYNID0100020773,2239.21,C,2025-01-23
2501234714608396,SYNID0106307622,456.18,C,2025-01-23
2501230707985886,SYNID0200152600,9933.81,D,2025-01-23
2501232450787549,SYNID0103173529,40272.04,D,2025-01-23
2501230441577333,SYNID0103139898,937.87,D,2025-01-23
2501235880512437,SYNID0109886602,1290.92,C,2025-01-23
2501235346066309,SYNID0108202231,9958.5,D,2025-01-23
2501230513834868,SYNID0100664688,2757.99,C,2025-01-23
2501230593728097,SYNID0101514276,387.17,C,2025-01-23
2501231822135917,SYNID0109876397,2836.93,C,2025-01-23
2501238369416912,SYNID0101136031,8083.83,C,2025-01-23
2501234657132668,SYNID0200695990,1828.41,D,2025-01-23
2501238595223283,SYNID0200917657,1369.64,D,2025-01-23
2501235670612678,SYNID0105503053,80.7,C,2025-01-23
2501238353591831,SYNID0200917657,5502.37,D,2025-01-23
2501232707969323,SYNID0104976658,10371.83,C,2025-01-23
2501237920194034,SYNID0106952005,1818.44,D,2025-01-23
2501230793806494,SYNID0102750245,25401.86,C,2025-01-23
2501238893829963,SYNID0108484398,312.56,D,2025-01-23
2501230268014654,SYNID0105320659,21878.85,D,2025-01-23
2501230934323946,SYNID0105624869,3545.41,C,2025-01-23
2501238837330441,SYNID0107330749,3347.64,C,2025-01-23
2501233189169144,SYNID0105213669,722.28,C,2025-01-23
2501237586686687,SYNID0103139898,1467.92,C,2025-01-23
2501233413082436,SYNID0106145122,15295.03,C,2025-01-23
2501236224744174,SYNID0102503411,6395.46,D,2025-01-23
2501235465179282,SYNID0108798998,12755.88,D,2025-01-23
2501238650449529,SYNID0200639308,1858.13,D,2025-01-23
2501235201127536,SYNID0109698421,10715.28,D,2025-01-23
2501238793038241,SYNID0105419087,6598.12,D,2025-01-23
2501235618025207,SYNID0105186412,1900.5,C,2025-01-23
2501236292937767,SYNID0107663099,10867.78,D,2025-01-23
2501233499063845,SYNID0109903693,12001.66,D,2025-01-23
2501237460741942,SYNID0105004160,8809.43,C,2025-01-23
2501231253649174,SYNID0107348323,1235.14,C,2025-01-23
2501236309975276,SYNID0106756650,2263.52,C,2025-01-23
2501231815659890,SYNID0102436235,3226.42,D,2025-01-23
2501231325772156,SYNID0109463921,1568.58,C,2025-01-23
2501239373029452,SYNID0108553476,10654.3,C,2025-01-23
2501237307237044,SYNID0100199610,199.78,C,2025-01-23
2501231088531221,SYNID0200917657,2138.04,D,2025-01-23
2501232633845903,SYNID0102021155,12093.68,C,2025-01-23
2501236236648827,SYNID0200898775,58636.19,C,2025-01-23
2501239361731161,SYNID0105004160,2248.29,D,2025-01-23
2501237866669688,SYNID0104914238,5798.97,C,2025-01-23
2501237917775491,SYNID0105605705,113593.16,C,2025-01-23
2501231732986711,SYNID0103236421,3161.61,C,2025-01-23
2501231455949748,SYNID0200969737,16734.61,D,2025-01-23
2501235328426970,SYNID0200170062,766.2,C,2025-01-23
2501238846151132,SYNID0200083234,10903.84,D,2025-01-23
2501239503669700,SYNID0103295040,2636.04,C,2025-01-23
2501239997963856,SYNID0107654293,42781.51,D,2025-01-23
2501230835981878,SYNID0200102442,24462.46,D,2025-01-23
2501234384268006,SYNID0200995409,13634.54,D,2025-01-23
2501238116032728,SYNID0104020238,1386.02,C,2025-01-23
2501235272347904,SYNID0101073942,1106.58,C,2025-01-23
2501233331012626,SYNID0200639063,7019.28,C,2025-01-23
2501239956744504,SYNID0103432751,13313.23,D,2025-01-23
2501231284777146,SYNID0105231636,2515.05,C,2025-01-23
2501236517888952,SYNID0107300785,1390.58,C,2025-01-23
2501236940067241,SYNID0106853501,22362.03,D,2025-01-23
2501238670372058,SYNID0104826470,3001.97,C,2025-01-23
2501234552855121,SYNID0105954525,43038.15,D,2025-01-23
2501232760665021,SYNID0100353696,32096.4,C,2025-01-23
2501232128298445,SYNID0200684308,15350.15,D,2025-01-23
2501234209771399,SYNID0108317889,3115.04,C,2025-01-23
2501235728149178,SYNID0200917657,1246.83,D,2025-01-23
2501238846050287,SYNID0200190245,42366.72,D,2025-01-23
2501230038616093,SYNID0200917657,4190.47,D,2025-01-23
2501236173414358,SYNID0100224563,1787.44,C,2025-01-23
2501233608462307,SYNID0101740476,18153.65,C,2025-01-23
2501230021452136,SYNID0100085002,5840.26,C,2025-01-23
2501232260251197,SYNID0109934303,5913.72,C,2025-01-23
2501230926521357,SYNID0105411519,1030.89,C,2025-01-23
2501231220440307,SYNID0200806649,10489.06,C,2025-01-23
2501237579039171,SYNID0100714451,3093.95,C,2025-01-23
2501245380271528,SYNID0200723677,10660.94,C,2025-01-24
2501243925531773,SYNID0106874503,1043.39,C,2025-01-24
2501247371149530,SYNID0103983894,513.66,C,2025-01-24
2501249806579531,SYNID0105467918,25104.19,C,2025-01-24
2501241883513781,SYNID0103983894,2029.74,D,2025-01-24
2501241792612763,SYNID0103075959,2803.45,C,2025-01-24
2501240103543665,SYNID0107899704,2531.71,D,2025-01-24
2501241195270537,SYNID0200917657,777.0,D,2025-01-24
2501241868320796,SYNID0200326842,199621.07,D,2025-01-24
2501244901529915,SYNID0200789296,2667.71,C,2025-01-24
2501243929182774,SYNID0108219597,28561.0,C,2025-01-24
2501245309154190,SYNID0200834607,5339.3,D,2025-01-24
2501245926293360,SYNID0101011899,1639.55,D,2025-01-24
2501242463376216,SYNID0200917657,1213.33,D,2025-01-24
2501245854105459,SYNID0107928360,1558.29,C,2025-01-24
2501244980052644,SYNID0200685212,17074.43,D,2025-01-24
2501245270110453,SYNID0103408312,1355.01,C,2025-01-24
2501245182585336,SYNID0100264783,74325.78,D,2025-01-24
2501242098627854,SYNID0106269925,24469.91,C,2025-01-24
2501241699321836,SYNID0200834607,489079.64,D,2025-01-24
2501247324067686,SYNID0200443853,20374.72,D,2025-01-24
2501240171905296,SYNID0104974389,1934.8,C,2025-01-24
2501249284783428,SYNID0108494502,2424.48,C,2025-01-24
2501248378572563,SYNID0103850912,4217.83,C,2025-01-24
2501249308001526,SYNID0200706232,1711.27,C,2025-01-24
2501248263607407,SYNID0200032850,79206.06,C,2025-01-24
2501241333082489,SYNID0101848138,7761.49,C,2025-01-24
2501240303720648,SYNID0200248965,526.19,D,2025-01-24
2501246460108221,SYNID0200234532,60921.13,D,2025-01-24
2501243855667998,SYNID0108923276,749.3,C,2025-01-24
2501244261495307,SYNID0200428876,11349.71,C,2025-01-24
2501241375615822,SYNID0200522327,5605.85,D,2025-01-24
2501248160994222,SYNID0200917657,3499.38,D,2025-01-24
2501242997626095,SYNID0200782660,1559.69,C,2025-01-24
2501246289880810,SYNID0106696951,30678.37,C,2025-01-24
2501243277371008,SYNID0100731625,2138.48,D,2025-01-24
2501244746107943,SYNID0100019645,370.29,C,2025-01-24
2501242095821895,SYNID0105790386,4093.1,C,2025-01-24
2501249013016127,SYNID0200898798,17956.9,C,2025-01-24
2501243190579406,SYNID0108798998,1083.08,C,2025-01-24
2501248632486823,SYNID0200494373,78490.66,D,2025-01-24
2501245188898011,SYNID0100100859,12095.27,D,2025-01-24
2501241564492648,SYNID0101622860,1515.86,D,2025-01-24
2501248120043788,SYNID0200152600,3514.08,C,2025-01-24
2501247625032693,SYNID0109086275,1860.85,D,2025-01-24
2501241786909366,SYNID0109714497,1693.07,C,2025-01-24
2501240314422114,SYNID0105135759,2980.68,D,2025-01-24
2501245089052897,SYNID0200428876,66827.39,D,2025-01-24
2501244549760095,SYNID0104664017,1583.59,D,2025-01-24
2501244636564012,SYNID0104020238,16134.01,D,2025-01-24
2501245636143169,SYNID0200673561,5363.07,C,2025-01-24
2501241798954376,SYNID0105814242,26361.04,C,2025-01-24
2501247729235348,SYNID0200917657,1692.34,D,2025-01-24
2501256560089899,SYNID0106071316,2994.93,C,2025-01-25
2501258985543605,SYNID0100870538,9305.5,D,2025-01-25
2501258232016287,SYNID0107796185,36666.5,D,2025-01-25
2501256050415336,SYNID0102490473,26267.33,C,2025-01-25
2501255504953664,SYNID0104858304,33545.61,C,2025-01-25
2501255920160982,SYNID0200953607,3025.89,C,2025-01-25
2501251527874522,SYNID0100508382,8852.79,C,2025-01-25
2501253767856144,SYNID0103982184,214.97,C,2025-01-25
2501250326242861,SYNID0100066045,207.67,C,2025-01-25
2501258593112365,SYNID0100374565,1587.28,D,2025-01-25
2501250114777995,SYNID0200350827,20230.02,D,2025-01-25
2501250250315603,SYNID0101658084,25870.51,C,2025-01-25
2501254290377777,SYNID0102516803,71334.19,D,2025-01-25
2501255690933756,SYNID0109389905,67012.17,D,2025-01-25
2501250905788277,SYNID0200521470,9595.08,D,2025-01-25
2501255195081129,SYNID0200917657,6707.11,D,2025-01-25
2501252835290855,SYNID0109551147,40168.19,D,2025-01-25
2501255922060529,SYNID0108077789,1656.73,C,2025-01-25
2501253084662664,SYNID0200639063,544.14,C,2025-01-25
2501250374469257,SYNID0200567030,56469.04,C,2025-01-25
2501255351240740,SYNID0103225951,1361.0,C,2025-01-25
2501257597847785,SYNID0104635864,33944.58,D,2025-01-25
2501254991038685,SYNID0108830654,27971.77,C,2025-01-25
2501253510972938,SYNID0104563551,25381.64,C,2025-01-25
2501255596991971,SYNID0103076606,296.55,C,2025-01-25
2501253727850433,SYNID0200639789,10411.04,D,2025-01-25
2501252539524742,SYNID0101813501,21960.68,C,2025-01-25
2501250962087479,SYNID0101320112,2836.84,C,2025-01-25
2501255275489012,SYNID0101762076,1663.53,C,2025-01-25
2501257076115230,SYNID0200640961,1805.75,C,2025-01-25
2501259028572068,SYNID0103850912,9732.31,C,2025-01-25
2501253144971427,SYNID0200917657,2616.39,D,2025-01-25
2501259806226976,SYNID0102635738,1594.7,C,2025-01-25
2501251114416524,SYNID0107205618,1351.49,C,2025-01-25
2501254803390955,SYNID0101153245,1365.65,C,2025-01-25
2501251183210975,SYNID0200541246,866990.91,C,2025-01-25
2501252996321681,SYNID0105142740,2576.23,C,2025-01-25
2501253777312888,SYNID0200388599,915035.72,C,2025-01-25
2501259307795328,SYNID0200917657,2879.69,D,2025-01-25
2501252797423924,SYNID0100658371,36157.26,D,2025-01-25
2501259984438233,SYNID0103685090,65488.95,D,2025-01-25
2501257346610389,SYNID0104363060,1449.56,C,2025-01-25
2501250012295513,SYNID0108549370,1050.27,D,2025-01-25
2501250707168027,SYNID0100264783,231.65,C,2025-01-25
2501251178451536,SYNID0200917657,2439.73,D,2025-01-25
2501250542647713,SYNID0108277096,169.73,C,2025-01-25
2501258892213685,SYNID0106907403,37758.51,D,2025-01-25
2501257644666955,SYNID0103277951,259.93,C,2025-01-25
2501252922145511,SYNID0200522327,1403.95,C,2025-01-25
2501254185970892,SYNID0107565891,1559.68,C,2025-01-25
2501251697317651,SYNID0105517589,1339.81,C,2025-01-25
2501258083810166,SYNID0200045450,24426.99,C,2025-01-25
2501257995106994,SYNID0200441116,110.93,C,2025-01-25
2501252192450792,SYNID0200494373,10882.2,C,2025-01-25
2501255139358734,SYNID0200834130,5049.67,D,2025-01-25
2501250543144172,SYNID0200917657,5546.26,D,2025-01-25
2501269052902380,SYNID0200639063,5923.27,C,2025-01-26
2501265573340573,SYNID0200045450,24199.0,D,2025-01-26
2501262946074237,SYNID0200917657,3209.77,D,2025-01-26
2501264526139470,SYNID0200389404,788463.4,C,2025-01-26
2501269841248659,SYNID0102108639,1693.83,C,2025-01-26
2501264981230296,SYNID0200818631,27087.52,D,2025-01-26
2501262904910663,SYNID0200639724,68227.47,D,2025-01-26
2501262305591643,SYNID0200567030,4608.93,D,2025-01-26
2501269820855427,SYNID0200639063,1774.24,C,2025-01-26
2501267974655377,SYNID0200523887,2893.41,C,2025-01-26
2501263788057287,SYNID0200458593,15524.25,D,2025-01-26
2501268374795119,SYNID0200917657,3577.06,D,2025-01-26
2501265368519160,SYNID0200045450,2999.86,C,2025-01-26
2501261684743071,SYNID0200917657,1766.19,D,2025-01-26
2501262697374926,SYNID0200971699,10883.24,D,2025-01-26
2501266016484157,SYNID0108798998,227.42,C,2025-01-26
2501263003099555,SYNID0102135013,1081.08,D,2025-01-26
2501260715756694,SYNID0200881262,14895.61,C,2025-01-26
2501263236395435,SYNID0200643675,65365.52,C,2025-01-26
2501261239944338,SYNID0200411562,771089.65,D,2025-01-26
2501261351242777,SYNID0200834607,65244.95,C,2025-01-26
2501264459139922,SYNID0200155033,28966.95,D,2025-01-26
2501261947001864,SYNID0102733640,8598.6,C,2025-01-26
2501264838602066,SYNID0100663769,3031.55,C,2025-01-26
2501263163989638,SYNID0200058698,46548.57,D,2025-01-26
2501261696569842,SYNID0105013461,1701.19,C,2025-01-26
2501264286543576,SYNID0200900513,1273193.47,C,2025-01-26
2501268015111537,SYNID0200917657,144.26,D,2025-01-26
2501267343908225,SYNID0104971126,1607.74,C,2025-01-26
2501262492129042,SYNID0200007635,6258.97,C,2025-01-26
2501267206472141,SYNID0200252205,3531.89,D,2025-01-26
2501266371442397,SYNID0200437114,274.85,C,2025-01-26
2501279232559484,SYNID0102840489,5757.08,D,2025-01-27
2501271111179752,SYNID0200045450,70317.39,C,2025-01-27
2501277352159300,SYNID0200639063,3419.43,C,2025-01-27
2501278991371458,SYNID0108800174,1357.02,C,2025-01-27
2501276982019166,SYNID0104960761,1035.79,D,2025-01-27
2501271640948723,SYNID0106071163,106613.98,D,2025-01-27
2501278620699379,SYNID0101808572,1070.58,C,2025-01-27
2501279936672718,SYNID0103564499,2685.98,C,2025-01-27
2501277161528311,SYNID0200352243,2665.02,C,2025-01-27
2501277159022549,SYNID0105074196,1077.58,C,2025-01-27
2501270616321077,SYNID0108573921,726.48,C,2025-01-27
2501276361002115,SYNID0108798998,2074.96,C,2025-01-27
2501275781145235,SYNID0105285853,39703.86,D,2025-01-27
2501270574408927,SYNID0100870538,2113.28,C,2025-01-27
2501272036141771,SYNID0102086382,3008.4,D,2025-01-27
2501275533010854,SYNID0103850912,1467.66,C,2025-01-27
2501275766119707,SYNID0200037052,14503.39,D,2025-01-27
2501273360162301,SYNID0200917657,45778.94,C,2025-01-27
2501277675876598,SYNID0200917657,3972.67,D,2025-01-27
2501272710743177,SYNID0200917657,3513.35,D,2025-01-27
2501271431222900,SYNID0103973672,40472.54,C,2025-01-27
2501275758799539,SYNID0101639406,72566.62,D,2025-01-27
2501270630891473,SYNID0106259675,732.29,C,2025-01-27
2501277725566403,SYNID0101140094,8956.37,D,2025-01-27
2501274512019232,SYNID0200917657,2744.98,D,2025-01-27
2501273404736106,SYNID0105775034,1046.98,C,2025-01-27
2501274305621044,SYNID0102132039,1607.89,C,2025-01-27
2501272366933700,SYNID0102693879,677.22,C,2025-01-27
2501277671127103,SYNID0108114079,3611.44,C,2025-01-27
2501279550485794,SYNID0100787570,7892.41,C,2025-01-27
2501275659682295,SYNID0200521470,8475.36,D,2025-01-27
2501278283084817,SYNID0200939175,12099.57,C,2025-01-27
2501279314179994,SYNID0103822088,56.94,C,2025-01-27
2501275390781236,SYNID0101796118,43365.0,C,2025-01-27
2501272131169653,SYNID0101263826,363.75,C,2025-01-27
2501270938818050,SYNID0200917657,5211.14,D,2025-01-27
2501270927043447,SYNID0102321386,1015.3,C,2025-01-27
2501274559832794,SYNID0200917657,3486.8,D,2025-01-27
2501276274072144,SYNID0102215641,2136.31,C,2025-01-27
2501272736736650,SYNID0200192167,14096.33,D,2025-01-27
2501275468316856,SYNID0107547080,281.16,C,2025-01-27
2501278940116911,SYNID0109015075,262.99,C,2025-01-27
2501271732809349,SYNID0200917657,5153.17,D,2025-01-27
2501275787494869,SYNID0101313283,6295.43,C,2025-01-27
2501279080402743,SYNID0107411415,1028.81,C,2025-01-27
2501278800246669,SYNID0103542180,307.88,C,2025-01-27
2501278251606647,SYNID0108487936,3704.41,C,2025-01-27
2501270876339156,SYNID0200662594,19659.04,C,2025-01-27
2501273438568535,SYNID0104563551,1674.15,C,2025-01-27
2501279118180565,SYNID0104815038,1547.42,C,2025-01-27
2501271651295257,SYNID0200846351,33928.74,D,2025-01-27
2501274816557503,SYNID0101452404,2139.58,C,2025-01-27
2501271999026615,SYNID0200846351,2349.05,D,2025-01-27
2501273224571746,SYNID0200846351,44696.99,C,2025-01-27
2501276849669955,SYNID0106907403,329.88,C,2025-01-27
2501273608483135,SYNID0200621856,55267.46,D,2025-01-27
2501272111379985,SYNID0108410470,71774.89,D,2025-01-27
2501278028025143,SYNID0200319910,2875.41,C,2025-01-27
2501275436198139,SYNID0103170275,1879.21,C,2025-01-27
2501276061337765,SYNID0200396136,16827.0,D,2025-01-27
2501276676611323,SYNID0200673561,5573.54,C,2025-01-27
2501275691873017,SYNID0107014623,992.02,C,2025-01-27
2501270539513937,SYNID0107532905,6211.36,C,2025-01-27
2501278637215704,SYNID0200917657,2156.25,D,2025-01-27
2501274238059074,SYNID0109871361,570.23,C,2025-01-27
2501272787135499,SYNID0105714227,648.52,C,2025-01-27
2501271728653335,SYNID0106217288,71585.72,D,2025-01-27
2501273176678835,SYNID0200765119,10663.18,D,2025-01-27
2501271932911243,SYNID0200635229,23245.28,C,2025-01-27
2501270351111343,SYNID0200917657,3359.75,D,2025-01-27
2501273409558057,SYNID0107202671,1081.06,C,2025-01-27
2501273572956008,SYNID0104105957,746.51,C,2025-01-27
2501273947837274,SYNID0200985503,34273.69,C,2025-01-27
2501286070789455,SYNID0200494373,302.79,C,2025-01-28
2501293725730668,SYNID0200494373,74306.64,D,2025-01-29
2501293682315411,SYNID0200106833,184711.71,D,2025-01-29
2501294588876272,SYNID0200942069,1517.53,D,2025-01-29
2501296262081104,SYNID0200231662,325.08,C,2025-01-29
2501297684823270,SYNID0200582794,73554.92,D,2025-01-29
2501292023454436,SYNID0200170062,36734.9,D,2025-01-29
2501295623306372,SYNID0200834607,10548.27,D,2025-01-29
2501300596875483,SYNID0101848138,1106.78,C,2025-01-30
2501309063522600,SYNID0104676713,1034.2,C,2025-01-30
2501303373291439,SYNID0103432751,5315.4,C,2025-01-30
2501301954096001,SYNID0200917657,188.47,D,2025-01-30
2501302207091880,SYNID0104020238,64177.94,C,2025-01-30
2501303574707212,SYNID0101851880,1533.13,C,2025-01-30
2501302244629220,SYNID0102166110,10268.7,C,2025-01-30
2501308485606941,SYNID0102565348,2546.14,C,2025-01-30
2501306673744773,SYNID0100353696,46719.66,C,2025-01-30
2501305054034780,SYNID0102822095,1685.28,C,2025-01-30
2501304857233555,SYNID0108631517,629.11,C,2025-01-30
2501305522656487,SYNID0108687684,336.51,C,2025-01-30
2501309229921468,SYNID0101813501,1547.39,C,2025-01-30
2501301765793699,SYNID0100922514,4892.57,C,2025-01-30
2501300351665604,SYNID0107532905,13612.2,C,2025-01-30
2501303825721361,SYNID0101452404,1727.88,D,2025-01-30
2501305406542341,SYNID0109105449,4151.12,C,2025-01-30
2501305899929292,SYNID0107887721,17227.08,D,2025-01-30
2501302538414556,SYNID0200917657,2723.47,D,2025-01-30
2501309305705911,SYNID0200960414,82121.85,C,2025-01-30
2501303330763530,SYNID0105249357,41964.49,D,2025-01-30
2501300643202875,SYNID0103287506,1309.18,D,2025-01-30
2501307745108654,SYNID0102503299,33917.19,C,2025-01-30
2501300922826756,SYNID0104772429,22067.33,D,2025-01-30
2501300330438996,SYNID0200639063,4787.1,C,2025-01-30
2501308649580592,SYNID0105005091,10812.9,D,2025-01-30
2501300431354558,SYNID0105005091,7575.21,C,2025-01-30
2501304429993312,SYNID0104815928,640.46,C,2025-01-30
2501309267023749,SYNID0200494373,34816.4,C,2025-01-30
2501306521970188,SYNID0100475514,8705.54,C,2025-01-30
2501305754547822,SYNID0101145286,2187.86,C,2025-01-30
2501303154220149,SYNID0108097815,51186.25,D,2025-01-30
2501302030292967,SYNID0102588841,507.5,D,2025-01-30
2501309301992210,SYNID0200917657,148.94,D,2025-01-30
2501302579665395,SYNID0109247507,2612.69,C,2025-01-30
2501307890905480,SYNID0106489019,11869.68,C,2025-01-30
2501308802677149,SYNID0106584938,110027.63,C,2025-01-30
2501307854740811,SYNID0107532905,1027.57,C,2025-01-30
2501302068573628,SYNID0104526298,8486.24,C,2025-01-30
2501307313820715,SYNID0103180628,840.65,C,2025-01-30
2501302972325405,SYNID0106065440,2096.36,D,2025-01-30
2501309405546021,SYNID0200859616,84478.99,C,2025-01-30
2501300372978032,SYNID0102733640,518.54,D,2025-01-30
2501302854778482,SYNID0109179635,1526.49,C,2025-01-30
2501303054810913,SYNID0108655875,713.37,C,2025-01-30
2501307793056620,SYNID0109382738,12049.03,C,2025-01-30
2501305360056988,SYNID0100535488,801.31,C,2025-01-30
2501306554578439,SYNID0100340251,8981.64,C,2025-01-30
2501306999624434,SYNID0109184963,60.08,C,2025-01-30
2501304616020295,SYNID0106652180,6489.21,C,2025-01-30
2501306048076130,SYNID0109158247,2179.29,C,2025-01-30
2501302295095576,SYNID0106318963,9702.45,D,2025-01-30
2501301574632359,SYNID0106652180,49644.07,D,2025-01-30
2501306273066746,SYNID0109770690,1376.95,C,2025-01-30
2501309903720519,SYNID0108487236,1515.73,C,2025-01-30
2501303103841698,SYNID0200076094,49020.73,C,2025-01-30
2501307136423902,SYNID0105250505,107717.17,C,2025-01-30
2501300894962626,SYNID0109076264,850.68,C,2025-01-30
2501309935934209,SYNID0102635738,21711.46,C,2025-01-30
2501304726673348,SYNID0101813501,533.74,C,2025-01-30
2501306918296798,SYNID0104466963,3485.28,C,2025-01-30
2501305683092256,SYNID0107015709,2078.48,C,2025-01-30
2501305911314657,SYNID0105976167,6979.76,C,2025-01-30
2501302608905956,SYNID0102685993,9791.98,C,2025-01-30
2501304241657808,SYNID0200101124,22028.42,D,2025-01-30
2501301174681925,SYNID0100742740,915.89,C,2025-01-30
2501300262516843,SYNID0101206344,775.77,C,2025-01-30
2501303579466553,SYNID0105838340,48721.89,D,2025-01-30
2501305592025412,SYNID0104227665,39110.49,C,2025-01-30
2501303343183560,SYNID0106844040,2439.52,C,2025-01-30
2501309137112678,SYNID0104386115,12477.03,C,2025-01-30
2501305088568381,SYNID0200494373,17392.99,D,2025-01-30
2501300106219342,SYNID0100714451,39533.51,D,2025-01-30
2501300697167796,SYNID0200440688,11576.43,C,2025-01-30
2501306934217141,SYNID0109641757,8512.16,C,2025-01-30
2501304606960441,SYNID0109359331,1488.88,C,2025-01-30
2501304625246622,SYNID0103273884,998.55,C,2025-01-30
2501312199697361,SYNID0109076298,17452.28,C,2025-01-31
2501317012078924,SYNID0105968755,6524.72,D,2025-01-31
2501317101139833,SYNID0103645849,4667.1,C,2025-01-31
2501319871935636,SYNID0200521470,1157.28,D,2025-01-31
2501318334773168,SYNID0101699519,3458.77,D,2025-01-31
2501318977486220,SYNID0105250505,20666.79,D,2025-01-31
2501314877761744,SYNID0200428876,6124.27,C,2025-01-31
2501312758752731,SYNID0200639063,5296.34,C,2025-01-31
2501319403229170,SYNID0200567030,320.55,D,2025-01-31
2501312066512527,SYNID0200917657,3969.7,D,2025-01-31
2501315203759415,SYNID0200639063,132042.7,D,2025-01-31
2501315924609659,SYNID0200567030,115284.67,D,2025-01-31
2501317217266783,SYNID0108109770,1414.63,C,2025-01-31
2501313668114160,SYNID0107244309,1144.31,D,2025-01-31
2501313092889032,SYNID0200567030,17827.16,D,2025-01-31
2501317290498830,SYNID0200262883,16822.23,D,2025-01-31
2501312019616020,SYNID0200917657,4684.26,D,2025-01-31
2501313431458863,SYNID0200917657,3408.24,D,2025-01-31
2501311465997058,SYNID0108238572,2049.37,D,2025-01-31
2501314705703644,SYNID0200876167,876148.93,D,2025-01-31
2501317127834375,SYNID0104033793,291.89,C,2025-01-31
2501314886316386,SYNID0200917657,1047.27,D,2025-01-31
2501310148426768,SYNID0200801989,16943.3,C,2025-01-31
2501315808529826,SYNID0101602246,17700.18,D,2025-01-31
2501311714465456,SYNID0200640961,131221.85,D,2025-01-31
2501310108473024,SYNID0105141111,8650.02,C,2025-01-31
2501315043306889,SYNID0200190245,14958.82,D,2025-01-31
2501310966528771,SYNID0200640961,13925.71,D,2025-01-31
2501313498751263,SYNID0105078807,364.0,C,2025-01-31
2501319396250199,SYNID0108098114,6325.58,D,2025-01-31
2501312053024310,SYNID0102138684,193072.21,C,2025-01-31
2501318676505418,SYNID0200218284,173882.27,D,2025-01-31
2501314505831675,SYNID0200155033,5126.52,C,2025-01-31
2501311801899713,SYNID0103747062,3150.81,C,2025-01-31
2501315177598678,SYNID0200155033,7029.49,C,2025-01-31
2501315967680732,SYNID0200917657,301.04,D,2025-01-31
2501312252362282,SYNID0102548813,6941.49,D,2025-01-31
2501313869069313,SYNID0200248965,1768.14,D,2025-01-31
2501312612524898,SYNID0100438631,2049.92,C,2025-01-31
2501311991924227,SYNID0200834607,16657.77,D,2025-01-31
2501316889459728,SYNID0200917657,691.89,D,2025-01-31
2501314407995290,SYNID0101341754,112.29,C,2025-01-31
2501318120310887,SYNID0200917657,5760.88,D,2025-01-31
2501315925488581,SYNID0108395873,17216.91,D,2025-01-31
2501318423300892,SYNID0200917657,589.83,D,2025-01-31
2501310885981495,SYNID0200483554,84824.74,D,2025-01-31
2501311782843150,SYNID0200917657,780.07,D,2025-01-31
2501312477782447,SYNID0109416756,5400.03,D,2025-01-31
2501313260984743,SYNID0200096768,5142.95,D,2025-01-31
2501312403775864,SYNID0100849358,17594.16,C,2025-01-31
2501312305692976,SYNID0200881262,12934.16,D,2025-01-31
2501317832493042,SYNID0109949358,1547.56,D,2025-01-31
2501310878640876,SYNID0102726465,1765.31,C,2025-01-31
2501314883816429,SYNID0200262810,237348.31,D,2025-01-31
2501313094188430,SYNID0200917657,527.28,D,2025-01-31
2501313795566247,SYNID0106043818,110.19,C,2025-01-31
2501316069520121,SYNID0102890187,15562.1,D,2025-01-31
2501313516157270,SYNID0108721611,1380.69,C,2025-01-31
2501310294227200,SYNID0107178848,10467.25,D,2025-01-31
2501313480581911,SYNID0104401958,115.28,C,2025-01-31
2501316514670700,SYNID0109141463,10416.52,C,2025-01-31
2501315961999157,SYNID0109178562,17602.06,D,2025-01-31
2501314650212224,SYNID0200447063,155460.62,C,2025-01-31
2501316118809093,SYNID0200673736,3294.85,C,2025-01-31
2501310844371750,SYNID0200096821,1008604.33,D,2025-01-31
2501313515483786,SYNID0200032918,26929.49,D,2025-01-31
2501313454796469,SYNID0104038735,15437.57,D,2025-01-31
2501314047648031,SYNID0108964334,6857.97,D,2025-01-31
2501310878035425,SYNID0103279458,1137.95,D,2025-01-31
2501313606851219,SYNID0107420641,120.27,C,2025-01-31
2501315052583144,SYNID0109886602,932.33,C,2025-01-31
2501312557590365,SYNID0107954045,202277.83,C,2025-01-31
2501313990109679,SYNID0200917657,2074.32,D,2025-01-31
2501318341177974,SYNID0200965810,5515.59,C,2025-01-31
2501310146705755,SYNID0200674036,2121.21,D,2025-01-31
2501317834308014,SYNID0106625880,14182.2,C,2025-01-31
2501316226502624,SYNID0200917657,2062.52,D,2025-01-31
2501313308946614,SYNID0105818433,7227.72,D,2025-01-31
2501319584211352,SYNID0101234011,4316.63,D,2025-01-31
2501316249540694,SYNID0101723863,1564.42,C,2025-01-31
2501310859705971,SYNID0108654878,4202.04,C,2025-01-31
2501318011543551,SYNID0104670973,6377.02,C,2025-01-31
2501314861721971,SYNID0105364046,15663.89,C,2025-01-31
2501313841352225,SYNID0200917657,299.82,D,2025-01-31
2501316720123521,SYNID0109402163,17108.23,D,2025-01-31
2501312355069535,SYNID0200917657,1106.1,D,2025-01-31
2501319663189487,SYNID0103058558,1302.67,C,2025-01-31
2501313040793191,SYNID0100340428,6451.38,D,2025-01-31
2501317571534765,SYNID0105700015,1523.81,C,2025-01-31
2501313666326748,SYNID0108074963,1423.73,D,2025-01-31
2501315373269627,SYNID0200695990,3532.64,D,2025-01-31
2501315027701295,SYNID0104363060,7689.18,D,2025-01-31
2501313877648351,SYNID0200642224,10659.93,C,2025-01-31
2501310534205076,SYNID0100727864,5730.81,D,2025-01-31
2501312027222151,SYNID0200494373,664383.06,C,2025-01-31
2501314427775083,SYNID0107588495,6720.8,C,2025-01-31
2501313191709047,SYNID0108770535,20251.28,C,2025-01-31
2501318829419846,SYNID0100253336,17410.89,D,2025-01-31
2501313980725376,SYNID0100951052,1020.14,C,2025-01-31
